code	name	description
BABBEUR0	Autobus - benzine - pre Euro wetgeving (< 1992)	Autobus - benzine - pre Euro wetgeving (< 1992)
BABCEEV5	Autobus - CNG - Euro-5 EEV (fijnstof eis)	Autobus - CNG - Euro-5 EEV (fijnstof eis)
BABCEEV5GEL	Autobus - CNG - Euro-5 EEV (fijnstof eis) - Gelede bus	Autobus - CNG - Euro-5 EEV (fijnstof eis) - Gelede bus
BABCEUR5	Autobus - CNG - Euro-5	Autobus - CNG - Euro-5
BABCEUR5GEL	Autobus - CNG - Euro-5 - Gelede bus	Autobus - CNG - Euro-5 - Gelede bus
BABCEUR6	Autobus - CNG - Euro-6	Autobus - CNG - Euro-6
BABCEUR6GEL	Autobus - CNG - Euro-6 - Gelede bus	Autobus - CNG - Euro-6 - Gelede bus
BABCEUR7	Autobus - CNG - bus - Euro-7	Autobus - CNG - bus - Euro-7
BABCEUR7GEL	Autobus - CNG - Euro-7 - Gelede bus - Gelede bus	Autobus - CNG - Euro-7 - Gelede bus - Gelede bus
BABDEEV5GELSCR	Autobus - diesel - Euro-5 EEV (fijnstof eis) - Gelede bus - SCR	Autobus - diesel - Euro-5 EEV (fijnstof eis) - Gelede bus - SCR
BABDEEV5SCR	Autobus - diesel - Euro-5 EEV (fijnstof eis) - SCR	Autobus - diesel - Euro-5 EEV (fijnstof eis) - SCR
BABDEUR0	Autobus - diesel - pre Euro wetgeving (< 1992)	Autobus - diesel - pre Euro wetgeving (< 1992)
BABDEUR0GEL	Autobus - diesel - pre Euro wetgeving (1992) - Gelede bus	Autobus - diesel - pre Euro wetgeving (1992) - Gelede bus
BABDEUR1	Autobus - diesel - Euro-1	Autobus - diesel - Euro-1
BABDEUR2	Autobus - diesel - Euro-2	Autobus - diesel - Euro-2
BABDEUR3	Autobus - diesel - Euro-3	Autobus - diesel - Euro-3
BABDEUR3GEL	Autobus - diesel - Euro-3 - Gelede bus	Autobus - diesel - Euro-3 - Gelede bus
BABDEUR4	Autobus - diesel - Euro-4	Autobus - diesel - Euro-4
BABDEUR4GEL	Autobus - diesel - Euro-4 - Gelede bus - Gelede bus	Autobus - diesel - Euro-4 - Gelede bus - Gelede bus
BABDEUR5EGR	Autobus - diesel - Euro-5 - EGR	Autobus - diesel - Euro-5 - EGR
BABDEUR5EGRGEL	Autobus - diesel - Euro-5 - EGR - Gelede bus	Autobus - diesel - Euro-5 - EGR - Gelede bus
BABDEUR5GELSCR	Autobus - diesel - Euro-5 - Gelede bus - SCR	Autobus - diesel - Euro-5 - Gelede bus - SCR
BABDEUR5SCR	Autobus - diesel - Euro-5 - SCR	Autobus - diesel - Euro-5 - SCR
BABDEUR6	Autobus - diesel - Euro-6	Autobus - diesel - Euro-6
BABDEUR6GEL	Autobus - diesel - Euro-6 - Gelede bus	Autobus - diesel - Euro-6 - Gelede bus
BABDEUR7	Autobus - diesel - bus - Euro-7	Autobus - diesel - bus - Euro-7
BABDEUR7GEL	Autobus - diesel - Euro-7 - Gelede bus - Gelede bus	Autobus - diesel - Euro-7 - Gelede bus - Gelede bus
BABEZEEV	Autobus - elektrisch	Autobus - elektrisch
BABEZEEVGEL	Autobus - elektrisch - Gelede bus	Autobus - elektrisch - Gelede bus
BABHZEEV	Autobus - waterstof	Autobus - waterstof
BABHZEEVGEL	Autobus - waterstof - Gelede bus	Autobus - waterstof - Gelede bus
LBAB1982	Bestelauto - benzine - pre Euro wetgeving (1982)	Bestelauto - benzine - pre Euro wetgeving (1982)
LBAB1983	Bestelauto - benzine - pre Euro wetgeving (1983)	Bestelauto - benzine - pre Euro wetgeving (1983)
LBAB1984	Bestelauto - benzine - pre Euro wetgeving (1984)	Bestelauto - benzine - pre Euro wetgeving (1984)
LBAB1985	Bestelauto - benzine - pre Euro wetgeving (1985)	Bestelauto - benzine - pre Euro wetgeving (1985)
LBAB1986	Bestelauto - benzine - pre Euro wetgeving (1986)	Bestelauto - benzine - pre Euro wetgeving (1986)
LBAB1987	Bestelauto - benzine - pre Euro wetgeving (1987)	Bestelauto - benzine - pre Euro wetgeving (1987)
LBAB1988	Bestelauto - benzine - pre Euro wetgeving (1988)	Bestelauto - benzine - pre Euro wetgeving (1988)
LBAB1989	Bestelauto - benzine - pre Euro wetgeving (1989)	Bestelauto - benzine - pre Euro wetgeving (1989)
LBAB1990	Bestelauto - benzine - pre Euro wetgeving (1990)	Bestelauto - benzine - pre Euro wetgeving (1990)
LBAB1991	Bestelauto - benzine - pre Euro wetgeving (1991)	Bestelauto - benzine - pre Euro wetgeving (1991)
LBAB1992	Bestelauto - benzine - pre Euro wetgeving (1992)	Bestelauto - benzine - pre Euro wetgeving (1992)
LBABEUR1	Bestelauto - benzine - Euro-1	Bestelauto - benzine - Euro-1
LBABEUR2	Bestelauto - benzine - Euro-2	Bestelauto - benzine - Euro-2
LBABEUR3	Bestelauto - benzine - Euro-3	Bestelauto - benzine - Euro-3
LBABEUR4	Bestelauto - benzine - Euro-4	Bestelauto - benzine - Euro-4
LBABEUR5	Bestelauto - benzine - Euro-5	Bestelauto - benzine - Euro-5
LBABEUR6	Bestelauto - benzine - Euro-6	Bestelauto - benzine - Euro-6
LBABEUR7	Bestelauto - benzine - licht - Euro-7	Bestelauto - benzine - licht - Euro-7
LBABPR82	Bestelauto - benzine - pre Euro wetgeving (< 1982)	Bestelauto - benzine - pre Euro wetgeving (< 1982)
LBACEUR5	Bestelauto - CNG - Euro-5	Bestelauto - CNG - Euro-5
LBACEUR6	Bestelauto - CNG - Euro-6	Bestelauto - CNG - Euro-6
LBACEUR7	Bestelauto - CNG - licht - Euro-7	Bestelauto - CNG - licht - Euro-7
LBAD1982KOELCH	Bestelauto - diesel - licht - pre Euro wetgeving (1982) - koelmotor - licht - koelmotor - licht	Bestelauto - diesel - licht - pre Euro wetgeving (1982) - koelmotor - licht - koelmotor - licht
LBAD1982KOEZWA	Bestelauto - diesel - licht - pre Euro wetgeving (1982) - koelmotor - zwaar - koelmotor - zwaar	Bestelauto - diesel - licht - pre Euro wetgeving (1982) - koelmotor - zwaar - koelmotor - zwaar
LBAD1982LCH	Bestelauto - diesel - licht - pre Euro wetgeving (1982)	Bestelauto - diesel - licht - pre Euro wetgeving (1982)
LBAD1982ZWA	Bestelauto - diesel - zwaar - pre Euro wetgeving (1982)	Bestelauto - diesel - zwaar - pre Euro wetgeving (1982)
LBAD1983KOELCH	Bestelauto - diesel - licht - pre Euro wetgeving (1983) - koelmotor - licht - koelmotor - licht	Bestelauto - diesel - licht - pre Euro wetgeving (1983) - koelmotor - licht - koelmotor - licht
LBAD1983KOEZWA	Bestelauto - diesel - licht - pre Euro wetgeving (1983) - koelmotor - zwaar - koelmotor - zwaar	Bestelauto - diesel - licht - pre Euro wetgeving (1983) - koelmotor - zwaar - koelmotor - zwaar
LBAD1983LCH	Bestelauto - diesel - licht - pre Euro wetgeving (1983)	Bestelauto - diesel - licht - pre Euro wetgeving (1983)
LBAD1983ZWA	Bestelauto - diesel - zwaar - pre Euro wetgeving (1983)	Bestelauto - diesel - zwaar - pre Euro wetgeving (1983)
LBAD1984KOELCH	Bestelauto - diesel - licht - pre Euro wetgeving (1984) - koelmotor - licht - koelmotor - licht	Bestelauto - diesel - licht - pre Euro wetgeving (1984) - koelmotor - licht - koelmotor - licht
LBAD1984KOEZWA	Bestelauto - diesel - licht - pre Euro wetgeving (1984) - koelmotor - zwaar - koelmotor - zwaar	Bestelauto - diesel - licht - pre Euro wetgeving (1984) - koelmotor - zwaar - koelmotor - zwaar
LBAD1984LCH	Bestelauto - diesel - licht - pre Euro wetgeving (1984)	Bestelauto - diesel - licht - pre Euro wetgeving (1984)
LBAD1984ZWA	Bestelauto - diesel - zwaar - pre Euro wetgeving (1984)	Bestelauto - diesel - zwaar - pre Euro wetgeving (1984)
LBAD1985KOELCH	Bestelauto - diesel - licht - pre Euro wetgeving (1985) - koelmotor - licht - koelmotor - licht	Bestelauto - diesel - licht - pre Euro wetgeving (1985) - koelmotor - licht - koelmotor - licht
LBAD1985KOEZWA	Bestelauto - diesel - licht - pre Euro wetgeving (1985) - koelmotor - zwaar - koelmotor - zwaar	Bestelauto - diesel - licht - pre Euro wetgeving (1985) - koelmotor - zwaar - koelmotor - zwaar
LBAD1985LCH	Bestelauto - diesel - licht - pre Euro wetgeving (1985)	Bestelauto - diesel - licht - pre Euro wetgeving (1985)
LBAD1985ZWA	Bestelauto - diesel - zwaar - pre Euro wetgeving (1985)	Bestelauto - diesel - zwaar - pre Euro wetgeving (1985)
LBAD1986KOELCH	Bestelauto - diesel - licht - pre Euro wetgeving (1986) - koelmotor - licht - koelmotor - licht	Bestelauto - diesel - licht - pre Euro wetgeving (1986) - koelmotor - licht - koelmotor - licht
LBAD1986KOEZWA	Bestelauto - diesel - licht - pre Euro wetgeving (1986) - koelmotor - zwaar - koelmotor - zwaar	Bestelauto - diesel - licht - pre Euro wetgeving (1986) - koelmotor - zwaar - koelmotor - zwaar
LBAD1986LCH	Bestelauto - diesel - licht - pre Euro wetgeving (1986)	Bestelauto - diesel - licht - pre Euro wetgeving (1986)
LBAD1986ZWA	Bestelauto - diesel - zwaar - pre Euro wetgeving (1986)	Bestelauto - diesel - zwaar - pre Euro wetgeving (1986)
LBAD1987KOELCH	Bestelauto - diesel - licht - pre Euro wetgeving (1987) - koelmotor - licht - koelmotor - licht	Bestelauto - diesel - licht - pre Euro wetgeving (1987) - koelmotor - licht - koelmotor - licht
LBAD1987KOEZWA	Bestelauto - diesel - licht - pre Euro wetgeving (1987) - koelmotor - zwaar - koelmotor - zwaar	Bestelauto - diesel - licht - pre Euro wetgeving (1987) - koelmotor - zwaar - koelmotor - zwaar
LBAD1987LCH	Bestelauto - diesel - licht - pre Euro wetgeving (1987)	Bestelauto - diesel - licht - pre Euro wetgeving (1987)
LBAD1987ZWA	Bestelauto - diesel - zwaar - pre Euro wetgeving (1987)	Bestelauto - diesel - zwaar - pre Euro wetgeving (1987)
LBAD1988KOELCH	Bestelauto - diesel - licht - pre Euro wetgeving (1988) - koelmotor - licht - koelmotor - licht	Bestelauto - diesel - licht - pre Euro wetgeving (1988) - koelmotor - licht - koelmotor - licht
LBAD1988KOEZWA	Bestelauto - diesel - licht - pre Euro wetgeving (1988) - koelmotor - zwaar - koelmotor - zwaar	Bestelauto - diesel - licht - pre Euro wetgeving (1988) - koelmotor - zwaar - koelmotor - zwaar
LBAD1988LCH	Bestelauto - diesel - licht - pre Euro wetgeving (1988)	Bestelauto - diesel - licht - pre Euro wetgeving (1988)
LBAD1988ZWA	Bestelauto - diesel - zwaar - pre Euro wetgeving (1988)	Bestelauto - diesel - zwaar - pre Euro wetgeving (1988)
LBAD1989KOELCH	Bestelauto - diesel - licht - pre Euro wetgeving (1989) - koelmotor - licht - koelmotor - licht	Bestelauto - diesel - licht - pre Euro wetgeving (1989) - koelmotor - licht - koelmotor - licht
LBAD1989KOEZWA	Bestelauto - diesel - licht - pre Euro wetgeving (1989) - koelmotor - zwaar - koelmotor - zwaar	Bestelauto - diesel - licht - pre Euro wetgeving (1989) - koelmotor - zwaar - koelmotor - zwaar
LBAD1989LCH	Bestelauto - diesel - licht - pre Euro wetgeving (1989)	Bestelauto - diesel - licht - pre Euro wetgeving (1989)
LBAD1989ZWA	Bestelauto - diesel - zwaar - pre Euro wetgeving (1989)	Bestelauto - diesel - zwaar - pre Euro wetgeving (1989)
LBAD1990KOELCH	Bestelauto - diesel - licht - pre Euro wetgeving (1990) - koelmotor - licht - koelmotor - licht	Bestelauto - diesel - licht - pre Euro wetgeving (1990) - koelmotor - licht - koelmotor - licht
LBAD1990KOEZWA	Bestelauto - diesel - licht - pre Euro wetgeving (1990) - koelmotor - zwaar - koelmotor - zwaar	Bestelauto - diesel - licht - pre Euro wetgeving (1990) - koelmotor - zwaar - koelmotor - zwaar
LBAD1990LCH	Bestelauto - diesel - licht - pre Euro wetgeving (1990)	Bestelauto - diesel - licht - pre Euro wetgeving (1990)
LBAD1990ZWA	Bestelauto - diesel - zwaar - pre Euro wetgeving (1990)	Bestelauto - diesel - zwaar - pre Euro wetgeving (1990)
LBAD1991KOELCH	Bestelauto - diesel - licht - pre Euro wetgeving (1991) - koelmotor - licht - koelmotor - licht	Bestelauto - diesel - licht - pre Euro wetgeving (1991) - koelmotor - licht - koelmotor - licht
LBAD1991KOEZWA	Bestelauto - diesel - licht - pre Euro wetgeving (1991) - koelmotor - zwaar - koelmotor - zwaar	Bestelauto - diesel - licht - pre Euro wetgeving (1991) - koelmotor - zwaar - koelmotor - zwaar
LBAD1991LCH	Bestelauto - diesel - licht - pre Euro wetgeving (1991)	Bestelauto - diesel - licht - pre Euro wetgeving (1991)
LBAD1991ZWA	Bestelauto - diesel - zwaar - pre Euro wetgeving (1991)	Bestelauto - diesel - zwaar - pre Euro wetgeving (1991)
LBAD1992KOELCH	Bestelauto - diesel - licht - pre Euro wetgeving (1992) - koelmotor - licht - koelmotor - licht	Bestelauto - diesel - licht - pre Euro wetgeving (1992) - koelmotor - licht - koelmotor - licht
LBAD1992KOEZWA	Bestelauto - diesel - licht - pre Euro wetgeving (1992) - koelmotor - zwaar - koelmotor - zwaar	Bestelauto - diesel - licht - pre Euro wetgeving (1992) - koelmotor - zwaar - koelmotor - zwaar
LBAD1992LCH	Bestelauto - diesel - licht - pre Euro wetgeving (1992)	Bestelauto - diesel - licht - pre Euro wetgeving (1992)
LBAD1992ZWA	Bestelauto - diesel - zwaar - pre Euro wetgeving (1992)	Bestelauto - diesel - zwaar - pre Euro wetgeving (1992)
LBADEDT6CL1	Bestelauto - diesel - licht - Euro-6 RDE temp - N1 klasse 1	Bestelauto - diesel - licht - Euro-6 RDE temp - N1 klasse 1
LBADEDT6CL1KOE	Bestelauto - diesel - Euro-6 RDE temp - koelmotor - N1 klasse 1 - N1 klasse 1 - koelmotor	Bestelauto - diesel - Euro-6 RDE temp - koelmotor - N1 klasse 1 - N1 klasse 1 - koelmotor
LBADEDT6CL2	Bestelauto - diesel - licht - Euro-6 RDE temp - N1 klasse 2	Bestelauto - diesel - licht - Euro-6 RDE temp - N1 klasse 2
LBADEDT6CL2KOE	Bestelauto - diesel - Euro-6 RDE temp - koelmotor - N1 klasse 2 - N1 klasse 2 - koelmotor	Bestelauto - diesel - Euro-6 RDE temp - koelmotor - N1 klasse 2 - N1 klasse 2 - koelmotor
LBADEDT6CL3	Bestelauto - diesel - licht - Euro-6 RDE temp - N1 klasse 3	Bestelauto - diesel - licht - Euro-6 RDE temp - N1 klasse 3
LBADEDT6CL3KOE	Bestelauto - diesel - Euro-6 RDE temp - koelmotor - N1 klasse 3 - N1 klasse 3 - koelmotor	Bestelauto - diesel - Euro-6 RDE temp - koelmotor - N1 klasse 3 - N1 klasse 3 - koelmotor
LBADEUA6CL1	Bestelauto - diesel - Euro-6 pre-RDE - N1 klasse 1	Bestelauto - diesel - Euro-6 pre-RDE - N1 klasse 1
LBADEUA6CL1KOE	Bestelauto - diesel - Euro-6 pre-RDE - koelmotor - N1 klasse 1 - N1 klasse 1 - koelmotor	Bestelauto - diesel - Euro-6 pre-RDE - koelmotor - N1 klasse 1 - N1 klasse 1 - koelmotor
LBADEUA6CL2	Bestelauto - diesel - Euro-6 pre-RDE - N1 klasse 2	Bestelauto - diesel - Euro-6 pre-RDE - N1 klasse 2
LBADEUA6CL2KOE	Bestelauto - diesel - Euro-6 pre-RDE - koelmotor - N1 klasse 2 - N1 klasse 2 - koelmotor	Bestelauto - diesel - Euro-6 pre-RDE - koelmotor - N1 klasse 2 - N1 klasse 2 - koelmotor
LBADEUA6CL3	Bestelauto - diesel - Euro-6 pre-RDE - N1 klasse 3	Bestelauto - diesel - Euro-6 pre-RDE - N1 klasse 3
LBADEUA6CL3KOE	Bestelauto - diesel - Euro-6 pre-RDE - koelmotor - N1 klasse 3 - N1 klasse 3 - koelmotor	Bestelauto - diesel - Euro-6 pre-RDE - koelmotor - N1 klasse 3 - N1 klasse 3 - koelmotor
LBADEUD6CL1	Bestelauto - diesel - Euro-6 RDE - N1 klasse 1	Bestelauto - diesel - Euro-6 RDE - N1 klasse 1
LBADEUD6CL1KOE	Bestelauto - diesel - Euro-6 RDE - koelmotor - N1 klasse 1 - N1 klasse 1 - koelmotor	Bestelauto - diesel - Euro-6 RDE - koelmotor - N1 klasse 1 - N1 klasse 1 - koelmotor
LBADEUD6CL2	Bestelauto - diesel - Euro-6 RDE - N1 klasse 2	Bestelauto - diesel - Euro-6 RDE - N1 klasse 2
LBADEUD6CL2KOE	Bestelauto - diesel - Euro-6 RDE - koelmotor - N1 klasse 2 - N1 klasse 2 - koelmotor	Bestelauto - diesel - Euro-6 RDE - koelmotor - N1 klasse 2 - N1 klasse 2 - koelmotor
LBADEUD6CL3	Bestelauto - diesel - Euro-6 RDE - N1 klasse 3	Bestelauto - diesel - Euro-6 RDE - N1 klasse 3
LBADEUD6CL3KOE	Bestelauto - diesel - Euro-6 RDE - koelmotor - N1 klasse 3 - N1 klasse 3 - koelmotor	Bestelauto - diesel - Euro-6 RDE - koelmotor - N1 klasse 3 - N1 klasse 3 - koelmotor
LBADEUR1CL1	Bestelauto - diesel - Euro-1 - N1 klasse 1	Bestelauto - diesel - Euro-1 - N1 klasse 1
LBADEUR1CL1KOE	Bestelauto - diesel - Euro-1 - koelmotor - N1 klasse 1 - N1 klasse 1 - koelmotor	Bestelauto - diesel - Euro-1 - koelmotor - N1 klasse 1 - N1 klasse 1 - koelmotor
LBADEUR1CL2	Bestelauto - diesel - Euro-1 - N1 klasse 2	Bestelauto - diesel - Euro-1 - N1 klasse 2
LBADEUR1CL2KOE	Bestelauto - diesel - Euro-1 - koelmotor - N1 klasse 2 - N1 klasse 2 - koelmotor	Bestelauto - diesel - Euro-1 - koelmotor - N1 klasse 2 - N1 klasse 2 - koelmotor
LBADEUR1CL3	Bestelauto - diesel - Euro-1 - N1 klasse 3	Bestelauto - diesel - Euro-1 - N1 klasse 3
LBADEUR1CL3KOE	Bestelauto - diesel - Euro-1 - koelmotor - N1 klasse 3 - N1 klasse 3 - koelmotor	Bestelauto - diesel - Euro-1 - koelmotor - N1 klasse 3 - N1 klasse 3 - koelmotor
LBADEUR2CL1	Bestelauto - diesel - Euro-2 - N1 klasse 1	Bestelauto - diesel - Euro-2 - N1 klasse 1
LBADEUR2CL1KOE	Bestelauto - diesel - Euro-2 - koelmotor - N1 klasse 1 - N1 klasse 1 - koelmotor	Bestelauto - diesel - Euro-2 - koelmotor - N1 klasse 1 - N1 klasse 1 - koelmotor
LBADEUR2CL2	Bestelauto - diesel - Euro-2 - N1 klasse 2	Bestelauto - diesel - Euro-2 - N1 klasse 2
LBADEUR2CL2KOE	Bestelauto - diesel - Euro-2 - koelmotor - N1 klasse 2 - N1 klasse 2 - koelmotor	Bestelauto - diesel - Euro-2 - koelmotor - N1 klasse 2 - N1 klasse 2 - koelmotor
LBADEUR2CL3	Bestelauto - diesel - Euro-2 - N1 klasse 3	Bestelauto - diesel - Euro-2 - N1 klasse 3
LBADEUR2CL3KOE	Bestelauto - diesel - Euro-2 - koelmotor - N1 klasse 3 - N1 klasse 3 - koelmotor	Bestelauto - diesel - Euro-2 - koelmotor - N1 klasse 3 - N1 klasse 3 - koelmotor
LBADEUR3CL1	Bestelauto - diesel - Euro-3 - N1 klasse 1	Bestelauto - diesel - Euro-3 - N1 klasse 1
LBADEUR3CL1HOF	Bestelauto - diesel - Euro-3 - halfopen filter - N1 klasse 1	Bestelauto - diesel - Euro-3 - halfopen filter - N1 klasse 1
LBADEUR3CL1HOFKOE	Bestelauto - diesel - Euro-3 - halfopen filter -  koelmotor - N1 klasse 1 - koelmotor	Bestelauto - diesel - Euro-3 - halfopen filter -  koelmotor - N1 klasse 1 - koelmotor
LBADEUR3CL1KOE	Bestelauto - diesel - Euro-3 - koelmotor - N1 klasse 1 - N1 klasse 1 - koelmotor	Bestelauto - diesel - Euro-3 - koelmotor - N1 klasse 1 - N1 klasse 1 - koelmotor
LBADEUR3CL2	Bestelauto - diesel - Euro-3 - N1 klasse 2	Bestelauto - diesel - Euro-3 - N1 klasse 2
LBADEUR3CL2HOF	Bestelauto - diesel - Euro-3 - halfopen filter - N1 klasse 2	Bestelauto - diesel - Euro-3 - halfopen filter - N1 klasse 2
LBADEUR3CL2HOFKOE	Bestelauto - diesel - Euro-3 - halfopen filter -  koelmotor - N1 klasse 2 - koelmotor	Bestelauto - diesel - Euro-3 - halfopen filter -  koelmotor - N1 klasse 2 - koelmotor
LBADEUR3CL2KOE	Bestelauto - diesel - Euro-3 - koelmotor - N1 klasse 2 - N1 klasse 2 - koelmotor	Bestelauto - diesel - Euro-3 - koelmotor - N1 klasse 2 - N1 klasse 2 - koelmotor
LBADEUR3CL3	Bestelauto - diesel - Euro-3 - N1 klasse 3	Bestelauto - diesel - Euro-3 - N1 klasse 3
LBADEUR3CL3HOF	Bestelauto - diesel - Euro-3 - halfopen filter - N1 klasse 3	Bestelauto - diesel - Euro-3 - halfopen filter - N1 klasse 3
LBADEUR3CL3HOFKOE	Bestelauto - diesel - Euro-3 - halfopen filter -  koelmotor - N1 klasse 3 - koelmotor	Bestelauto - diesel - Euro-3 - halfopen filter -  koelmotor - N1 klasse 3 - koelmotor
LBADEUR3CL3KOE	Bestelauto - diesel - Euro-3 - koelmotor - N1 klasse 3 - N1 klasse 3 - koelmotor	Bestelauto - diesel - Euro-3 - koelmotor - N1 klasse 3 - N1 klasse 3 - koelmotor
LBADEUR4CL1	Bestelauto - diesel - Euro-4 - N1 klasse 1	Bestelauto - diesel - Euro-4 - N1 klasse 1
LBADEUR4CL1DPF	Bestelauto - diesel - Euro-4 - DPF - N1 klasse 1	Bestelauto - diesel - Euro-4 - DPF - N1 klasse 1
LBADEUR4CL1DPFKOE	Bestelauto - diesel - Euro-4 - DPF -  koelmotor - N1 klasse 1 - koelmotor	Bestelauto - diesel - Euro-4 - DPF -  koelmotor - N1 klasse 1 - koelmotor
LBADEUR4CL1HOF	Bestelauto - diesel - Euro-4 - halfopen filter - N1 klasse 1	Bestelauto - diesel - Euro-4 - halfopen filter - N1 klasse 1
LBADEUR4CL1HOFKOE	Bestelauto - diesel - Euro-4 - halfopen filter -  koelmotor - N1 klasse 1 - koelmotor	Bestelauto - diesel - Euro-4 - halfopen filter -  koelmotor - N1 klasse 1 - koelmotor
LBADEUR4CL1KOE	Bestelauto - diesel - Euro-4 - koelmotor - N1 klasse 1 - N1 klasse 1 - koelmotor	Bestelauto - diesel - Euro-4 - koelmotor - N1 klasse 1 - N1 klasse 1 - koelmotor
LBADEUR4CL2	Bestelauto - diesel - Euro-4 - N1 klasse 2	Bestelauto - diesel - Euro-4 - N1 klasse 2
LBADEUR4CL2DPF	Bestelauto - diesel - Euro-4 - DPF - N1 klasse 2	Bestelauto - diesel - Euro-4 - DPF - N1 klasse 2
LBADEUR4CL2DPFKOE	Bestelauto - diesel - Euro-4 - DPF -  koelmotor - N1 klasse 2 - koelmotor	Bestelauto - diesel - Euro-4 - DPF -  koelmotor - N1 klasse 2 - koelmotor
LBADEUR4CL2HOF	Bestelauto - diesel - Euro-4 - halfopen filter - N1 klasse 2	Bestelauto - diesel - Euro-4 - halfopen filter - N1 klasse 2
LBADEUR4CL2HOFKOE	Bestelauto - diesel - Euro-4 - halfopen filter -  koelmotor - N1 klasse 2 - koelmotor	Bestelauto - diesel - Euro-4 - halfopen filter -  koelmotor - N1 klasse 2 - koelmotor
LBADEUR4CL2KOE	Bestelauto - diesel - Euro-4 - koelmotor - N1 klasse 2 - N1 klasse 2 - koelmotor	Bestelauto - diesel - Euro-4 - koelmotor - N1 klasse 2 - N1 klasse 2 - koelmotor
LBADEUR4CL3	Bestelauto - diesel - Euro-4 - N1 klasse 3	Bestelauto - diesel - Euro-4 - N1 klasse 3
LBADEUR4CL3DPF	Bestelauto - diesel - Euro-4 - DPF - N1 klasse 3	Bestelauto - diesel - Euro-4 - DPF - N1 klasse 3
LBADEUR4CL3DPFKOE	Bestelauto - diesel - Euro-4 - DPF -  koelmotor - N1 klasse 3 - koelmotor	Bestelauto - diesel - Euro-4 - DPF -  koelmotor - N1 klasse 3 - koelmotor
LBADEUR4CL3HOF	Bestelauto - diesel - Euro-4 - halfopen filter - N1 klasse 3	Bestelauto - diesel - Euro-4 - halfopen filter - N1 klasse 3
LBADEUR4CL3HOFKOE	Bestelauto - diesel - Euro-4 - halfopen filter -  koelmotor - N1 klasse 3 - koelmotor	Bestelauto - diesel - Euro-4 - halfopen filter -  koelmotor - N1 klasse 3 - koelmotor
LBADEUR4CL3KOE	Bestelauto - diesel - Euro-4 - koelmotor - N1 klasse 3 - N1 klasse 3 - koelmotor	Bestelauto - diesel - Euro-4 - koelmotor - N1 klasse 3 - N1 klasse 3 - koelmotor
LBADEUR5CL1	Bestelauto - diesel - Euro-5 - N1 klasse 1	Bestelauto - diesel - Euro-5 - N1 klasse 1
LBADEUR5CL1KOE	Bestelauto - diesel - Euro-5 - koelmotor - N1 klasse 1 - N1 klasse 1 - koelmotor	Bestelauto - diesel - Euro-5 - koelmotor - N1 klasse 1 - N1 klasse 1 - koelmotor
LBADEUR5CL2	Bestelauto - diesel - Euro-5 - N1 klasse 2	Bestelauto - diesel - Euro-5 - N1 klasse 2
LBADEUR5CL2KOE	Bestelauto - diesel - Euro-5 - koelmotor - N1 klasse 2 - N1 klasse 2 - koelmotor	Bestelauto - diesel - Euro-5 - koelmotor - N1 klasse 2 - N1 klasse 2 - koelmotor
LBADEUR5CL3	Bestelauto - diesel - Euro-5 - N1 klasse 3	Bestelauto - diesel - Euro-5 - N1 klasse 3
LBADEUR5CL3KOE	Bestelauto - diesel - Euro-5 - koelmotor - N1 klasse 3 - N1 klasse 3 - koelmotor	Bestelauto - diesel - Euro-5 - koelmotor - N1 klasse 3 - N1 klasse 3 - koelmotor
LBADEUR7CL2	Bestelauto - diesel - licht - Euro-7 - N1 klasse 2	Bestelauto - diesel - licht - Euro-7 - N1 klasse 2
LBADEUR7CL2KOE	Bestelauto - diesel - Euro-7 - koelmotor - N1 klasse 2 - N1 klasse 2 - koelmotor	Bestelauto - diesel - Euro-7 - koelmotor - N1 klasse 2 - N1 klasse 2 - koelmotor
LBADEUR7CL3	Bestelauto - diesel - licht - Euro-7 - N1 klasse 3	Bestelauto - diesel - licht - Euro-7 - N1 klasse 3
LBADEUR7CL3KOE	Bestelauto - diesel - Euro-7 - koelmotor - N1 klasse 3 - N1 klasse 3 - koelmotor	Bestelauto - diesel - Euro-7 - koelmotor - N1 klasse 3 - N1 klasse 3 - koelmotor
LBADPR82KOELCH	Bestelauto - diesel - licht - pre Euro wetgeving (< 1982) - koelmotor - licht - koelmotor - licht	Bestelauto - diesel - licht - pre Euro wetgeving (< 1982) - koelmotor - licht - koelmotor - licht
LBADPR82KOEZWA	Bestelauto - diesel - licht - pre Euro wetgeving (< 1982) - koelmotor - zwaar - koelmotor - zwaar	Bestelauto - diesel - licht - pre Euro wetgeving (< 1982) - koelmotor - zwaar - koelmotor - zwaar
LBADPR82LCH	Bestelauto - diesel - licht - pre Euro wetgeving (< 1982)	Bestelauto - diesel - licht - pre Euro wetgeving (< 1982)
LBADPR82ZWA	Bestelauto - diesel - zwaar - pre Euro wetgeving (< 1982)	Bestelauto - diesel - zwaar - pre Euro wetgeving (< 1982)
LBAEZEEV	Bestelauto - elektrisch	Bestelauto - elektrisch
LBAHZEEV	Bestelauto - waterstof - licht	Bestelauto - waterstof - licht
LBAL1982	Bestelauto - LPG - pre Euro wetgeving (1982)	Bestelauto - LPG - pre Euro wetgeving (1982)
LBAL1983	Bestelauto - LPG - pre Euro wetgeving (1983)	Bestelauto - LPG - pre Euro wetgeving (1983)
LBAL1984	Bestelauto - LPG - pre Euro wetgeving (1984)	Bestelauto - LPG - pre Euro wetgeving (1984)
LBAL1985	Bestelauto - LPG - pre Euro wetgeving (1985)	Bestelauto - LPG - pre Euro wetgeving (1985)
LBAL1986	Bestelauto - LPG - pre Euro wetgeving (1986)	Bestelauto - LPG - pre Euro wetgeving (1986)
LBAL1987	Bestelauto - LPG - pre Euro wetgeving (1987)	Bestelauto - LPG - pre Euro wetgeving (1987)
LBAL1988	Bestelauto - LPG - pre Euro wetgeving (1988)	Bestelauto - LPG - pre Euro wetgeving (1988)
LBAL1989	Bestelauto - LPG - pre Euro wetgeving (1989)	Bestelauto - LPG - pre Euro wetgeving (1989)
LBAL1990	Bestelauto - LPG - pre Euro wetgeving (1990)	Bestelauto - LPG - pre Euro wetgeving (1990)
LBAL1991	Bestelauto - LPG - pre Euro wetgeving (1991)	Bestelauto - LPG - pre Euro wetgeving (1991)
LBAL1992	Bestelauto - LPG - pre Euro wetgeving (1992)	Bestelauto - LPG - pre Euro wetgeving (1992)
LBALEUR1	Bestelauto - LPG - Euro-1	Bestelauto - LPG - Euro-1
LBALEUR2	Bestelauto - LPG - Euro-2	Bestelauto - LPG - Euro-2
LBALEUR3	Bestelauto - LPG - Euro-3	Bestelauto - LPG - Euro-3
LBALEUR4	Bestelauto - LPG - Euro-4	Bestelauto - LPG - Euro-4
LBALEUR5	Bestelauto - LPG - Euro-5	Bestelauto - LPG - Euro-5
LBALEUR6	Bestelauto - LPG - Euro-6	Bestelauto - LPG - Euro-6
LBALEUR7	Bestelauto - LPG - licht - Euro-7	Bestelauto - LPG - licht - Euro-7
LBALPR82	Bestelauto - LPG - pre Euro wetgeving (< 1982)	Bestelauto - LPG - pre Euro wetgeving (< 1982)
LBCBEUR4	Bestelauto dual-fuel - benzine - licht - Euro-4	Bestelauto dual-fuel - benzine - licht - Euro-4
LBCBEUR5	Bestelauto dual-fuel - benzine - licht - Euro-5	Bestelauto dual-fuel - benzine - licht - Euro-5
LBCBEUR6	Bestelauto dual-fuel - benzine - licht - Euro-6	Bestelauto dual-fuel - benzine - licht - Euro-6
LBEBEUR6	Bestelauto plug-in hybride - benzine - licht - Euro-6	Bestelauto plug-in hybride - benzine - licht - Euro-6
LPAB1982LCH	Personenauto - benzine - licht - pre Euro wetgeving (1982)	Personenauto - benzine - licht - pre Euro wetgeving (1982)
LPAB1982MED	Personenauto - benzine - middelzwaar - pre Euro wetgeving (1982)	Personenauto - benzine - middelzwaar - pre Euro wetgeving (1982)
LPAB1982ZWA	Personenauto - benzine - zwaar - pre Euro wetgeving (1982)	Personenauto - benzine - zwaar - pre Euro wetgeving (1982)
LPAB1983LCH	Personenauto - benzine - licht - pre Euro wetgeving (1983)	Personenauto - benzine - licht - pre Euro wetgeving (1983)
LPAB1983MED	Personenauto - benzine - middelzwaar - pre Euro wetgeving (1983)	Personenauto - benzine - middelzwaar - pre Euro wetgeving (1983)
LPAB1983ZWA	Personenauto - benzine - zwaar - pre Euro wetgeving (1983)	Personenauto - benzine - zwaar - pre Euro wetgeving (1983)
LPAB1984LCH	Personenauto - benzine - licht - pre Euro wetgeving (1984)	Personenauto - benzine - licht - pre Euro wetgeving (1984)
LPAB1984MED	Personenauto - benzine - middelzwaar - pre Euro wetgeving (1984)	Personenauto - benzine - middelzwaar - pre Euro wetgeving (1984)
LPAB1984ZWA	Personenauto - benzine - zwaar - pre Euro wetgeving (1984)	Personenauto - benzine - zwaar - pre Euro wetgeving (1984)
LPAB1985LCH	Personenauto - benzine - licht - pre Euro wetgeving (1985)	Personenauto - benzine - licht - pre Euro wetgeving (1985)
LPAB1985MED	Personenauto - benzine - middelzwaar - pre Euro wetgeving (1985)	Personenauto - benzine - middelzwaar - pre Euro wetgeving (1985)
LPAB1985ZWA	Personenauto - benzine - zwaar - pre Euro wetgeving (1985)	Personenauto - benzine - zwaar - pre Euro wetgeving (1985)
LPAB1986LCH	Personenauto - benzine - licht - pre Euro wetgeving (1986)	Personenauto - benzine - licht - pre Euro wetgeving (1986)
LPAB1986MED	Personenauto - benzine - middelzwaar - pre Euro wetgeving (1986)	Personenauto - benzine - middelzwaar - pre Euro wetgeving (1986)
LPAB1986ZWA	Personenauto - benzine - zwaar - pre Euro wetgeving (1986)	Personenauto - benzine - zwaar - pre Euro wetgeving (1986)
LPAB1987LCH	Personenauto - benzine - licht - pre Euro wetgeving (1987)	Personenauto - benzine - licht - pre Euro wetgeving (1987)
LPAB1987MED	Personenauto - benzine - middelzwaar - pre Euro wetgeving (1987)	Personenauto - benzine - middelzwaar - pre Euro wetgeving (1987)
LPAB1987ZWA	Personenauto - benzine - zwaar - pre Euro wetgeving (1987)	Personenauto - benzine - zwaar - pre Euro wetgeving (1987)
LPAB1988LCH	Personenauto - benzine - licht - pre Euro wetgeving (1988)	Personenauto - benzine - licht - pre Euro wetgeving (1988)
LPAB1988MED	Personenauto - benzine - middelzwaar - pre Euro wetgeving (1988)	Personenauto - benzine - middelzwaar - pre Euro wetgeving (1988)
LPAB1988ZWA	Personenauto - benzine - zwaar - pre Euro wetgeving (1988)	Personenauto - benzine - zwaar - pre Euro wetgeving (1988)
LPAB1989LCH	Personenauto - benzine - licht - pre Euro wetgeving (1989)	Personenauto - benzine - licht - pre Euro wetgeving (1989)
LPAB1989MED	Personenauto - benzine - middelzwaar - pre Euro wetgeving (1989)	Personenauto - benzine - middelzwaar - pre Euro wetgeving (1989)
LPAB1989ZWA	Personenauto - benzine - zwaar - pre Euro wetgeving (1989)	Personenauto - benzine - zwaar - pre Euro wetgeving (1989)
LPAB1990LCH	Personenauto - benzine - licht - pre Euro wetgeving (1990)	Personenauto - benzine - licht - pre Euro wetgeving (1990)
LPAB1990MED	Personenauto - benzine - middelzwaar - pre Euro wetgeving (1990)	Personenauto - benzine - middelzwaar - pre Euro wetgeving (1990)
LPAB1990ZWA	Personenauto - benzine - zwaar - pre Euro wetgeving (1990)	Personenauto - benzine - zwaar - pre Euro wetgeving (1990)
LPAB1991LCH	Personenauto - benzine - licht - pre Euro wetgeving (1991)	Personenauto - benzine - licht - pre Euro wetgeving (1991)
LPAB1991MED	Personenauto - benzine - middelzwaar - pre Euro wetgeving (1997)	Personenauto - benzine - middelzwaar - pre Euro wetgeving (1997)
LPAB1991ZWA	Personenauto - benzine - zwaar - pre Euro wetgeving (1997)	Personenauto - benzine - zwaar - pre Euro wetgeving (1997)
LPAB1992LCH	Personenauto - benzine - licht - pre Euro wetgeving (1992)	Personenauto - benzine - licht - pre Euro wetgeving (1992)
LPAB1992MED	Personenauto - benzine - middelzwaar - pre Euro wetgeving (1992)	Personenauto - benzine - middelzwaar - pre Euro wetgeving (1992)
LPAB1992ZWA	Personenauto - benzine - zwaar - pre Euro wetgeving (1992)	Personenauto - benzine - zwaar - pre Euro wetgeving (1992)
LPABEUR1	Personenauto - benzine - Euro-1	Personenauto - benzine - Euro-1
LPABEUR2	Personenauto - benzine - Euro-2	Personenauto - benzine - Euro-2
LPABEUR3	Personenauto - benzine - Euro-3	Personenauto - benzine - Euro-3
LPABEUR4	Personenauto - benzine - Euro-4	Personenauto - benzine - Euro-4
LPABEUR5	Personenauto - benzine - Euro-5	Personenauto - benzine - Euro-5
LPABEUR6	Personenauto - benzine - Euro-6	Personenauto - benzine - Euro-6
LPABEUR7	Personenauto - benzine - licht - Euro-7	Personenauto - benzine - licht - Euro-7
LPABO3WCLCH	Personenauto - benzine - licht - pre Euro wetgeving (< 1992)	Personenauto - benzine - licht - pre Euro wetgeving (< 1992)
LPABO3WCMED	Personenauto - benzine - middelzwaar - pre Euro wetgeving (< 1992)	Personenauto - benzine - middelzwaar - pre Euro wetgeving (< 1992)
LPABO3WCZWA	Personenauto - benzine - zwaar - pre Euro wetgeving (< 1992)	Personenauto - benzine - zwaar - pre Euro wetgeving (< 1992)
LPABPR82LCH	Personenauto - benzine - licht - pre Euro wetgeving (< 1982)	Personenauto - benzine - licht - pre Euro wetgeving (< 1982)
LPABPR82MED	Personenauto - benzine - middelzwaar - pre Euro wetgeving (< 1982)	Personenauto - benzine - middelzwaar - pre Euro wetgeving (< 1982)
LPABPR82ZWA	Personenauto - benzine - zwaar - pre Euro wetgeving (< 1982)	Personenauto - benzine - zwaar - pre Euro wetgeving (< 1982)
LPABR3WC	Personenauto - benzine - pre Euro wetgeving (< 1992)	Personenauto - benzine - pre Euro wetgeving (< 1992)
LPACEUR2	Personenauto - CNG - Euro-2	Personenauto - CNG - Euro-2
LPACEUR3	Personenauto - CNG - Euro-3	Personenauto - CNG - Euro-3
LPACEUR4	Personenauto - CNG - Euro-4	Personenauto - CNG - Euro-4
LPACEUR5	Personenauto - CNG - Euro-5	Personenauto - CNG - Euro-5
LPACEUR6	Personenauto - CNG - Euro-6	Personenauto - CNG - Euro-6
LPACEUR7	Personenauto - CNG - licht - Euro-7	Personenauto - CNG - licht - Euro-7
LPAD1982LCH	Personenauto - diesel - licht - pre Euro wetgeving (1982)	Personenauto - diesel - licht - pre Euro wetgeving (1982)
LPAD1982MED	Personenauto - diesel - middelzwaar - pre Euro wetgeving (1982)	Personenauto - diesel - middelzwaar - pre Euro wetgeving (1982)
LPAD1982ZWA	Personenauto - diesel - zwaar - pre Euro wetgeving (1982)	Personenauto - diesel - zwaar - pre Euro wetgeving (1982)
LPAD1983LCH	Personenauto - diesel - licht - pre Euro wetgeving (1983)	Personenauto - diesel - licht - pre Euro wetgeving (1983)
LPAD1983MED	Personenauto - diesel - middelzwaar - pre Euro wetgeving (1983)	Personenauto - diesel - middelzwaar - pre Euro wetgeving (1983)
LPAD1983ZWA	Personenauto - diesel - zwaar - pre Euro wetgeving (1983)	Personenauto - diesel - zwaar - pre Euro wetgeving (1983)
LPAD1984LCH	Personenauto - diesel - licht - pre Euro wetgeving (1984)	Personenauto - diesel - licht - pre Euro wetgeving (1984)
LPAD1984MED	Personenauto - diesel - middelzwaar - pre Euro wetgeving (1984)	Personenauto - diesel - middelzwaar - pre Euro wetgeving (1984)
LPAD1984ZWA	Personenauto - diesel - zwaar - pre Euro wetgeving (1984)	Personenauto - diesel - zwaar - pre Euro wetgeving (1984)
LPAD1985LCH	Personenauto - diesel - licht - pre Euro wetgeving (1985)	Personenauto - diesel - licht - pre Euro wetgeving (1985)
LPAD1985MED	Personenauto - diesel - middelzwaar - pre Euro wetgeving (1985)	Personenauto - diesel - middelzwaar - pre Euro wetgeving (1985)
LPAD1985ZWA	Personenauto - diesel - zwaar - pre Euro wetgeving (1985)	Personenauto - diesel - zwaar - pre Euro wetgeving (1985)
LPAD1986LCH	Personenauto - diesel - licht - pre Euro wetgeving (1986)	Personenauto - diesel - licht - pre Euro wetgeving (1986)
LPAD1986MED	Personenauto - diesel - middelzwaar - pre Euro wetgeving (1986)	Personenauto - diesel - middelzwaar - pre Euro wetgeving (1986)
LPAD1986ZWA	Personenauto - diesel - zwaar - pre Euro wetgeving (1986)	Personenauto - diesel - zwaar - pre Euro wetgeving (1986)
LPAD1987LCH	Personenauto - diesel - licht - pre Euro wetgeving (1987)	Personenauto - diesel - licht - pre Euro wetgeving (1987)
LPAD1987MED	Personenauto - diesel - middelzwaar - pre Euro wetgeving (1987)	Personenauto - diesel - middelzwaar - pre Euro wetgeving (1987)
LPAD1987ZWA	Personenauto - diesel - zwaar - pre Euro wetgeving (1987)	Personenauto - diesel - zwaar - pre Euro wetgeving (1987)
LPAD1988LCH	Personenauto - diesel - licht - pre Euro wetgeving (1988)	Personenauto - diesel - licht - pre Euro wetgeving (1988)
LPAD1988MED	Personenauto - diesel - middelzwaar - pre Euro wetgeving (1988)	Personenauto - diesel - middelzwaar - pre Euro wetgeving (1988)
LPAD1988ZWA	Personenauto - diesel - zwaar - pre Euro wetgeving (1988)	Personenauto - diesel - zwaar - pre Euro wetgeving (1988)
LPAD1989LCH	Personenauto - diesel - licht - pre Euro wetgeving (1989)	Personenauto - diesel - licht - pre Euro wetgeving (1989)
LPAD1989MED	Personenauto - diesel - middelzwaar - pre Euro wetgeving (1989)	Personenauto - diesel - middelzwaar - pre Euro wetgeving (1989)
LPAD1989ZWA	Personenauto - diesel - zwaar - pre Euro wetgeving (1989)	Personenauto - diesel - zwaar - pre Euro wetgeving (1989)
LPAD1990MED	Personenauto - diesel - middelzwaar - pre Euro wetgeving (1990)	Personenauto - diesel - middelzwaar - pre Euro wetgeving (1990)
LPAD1990ZWA	Personenauto - diesel - zwaar - pre Euro wetgeving (1990)	Personenauto - diesel - zwaar - pre Euro wetgeving (1990)
LPAD1991LCH	Personenauto - diesel - licht - pre Euro wetgeving (1991)	Personenauto - diesel - licht - pre Euro wetgeving (1991)
LPAD1991MED	Personenauto - diesel - middelzwaar - pre Euro wetgeving (1997)	Personenauto - diesel - middelzwaar - pre Euro wetgeving (1997)
LPAD1991ZWA	Personenauto - diesel - zwaar - pre Euro wetgeving (1997)	Personenauto - diesel - zwaar - pre Euro wetgeving (1997)
LPAD1992LCH	Personenauto - diesel - licht - pre Euro wetgeving (1992)	Personenauto - diesel - licht - pre Euro wetgeving (1992)
LPAD1992MED	Personenauto - diesel - middelzwaar - pre Euro wetgeving (1992)	Personenauto - diesel - middelzwaar - pre Euro wetgeving (1992)
LPAD1992ZWA	Personenauto - diesel - zwaar - pre Euro wetgeving (1992)	Personenauto - diesel - zwaar - pre Euro wetgeving (1992)
LPADEDT6	Personenauto - diesel - licht - Euro-6 RDE temp	Personenauto - diesel - licht - Euro-6 RDE temp
LPADEUA6	Personenauto - diesel - Euro-6 pre-RDE	Personenauto - diesel - Euro-6 pre-RDE
LPADEUD6	Personenauto - diesel - Euro-6 RDE	Personenauto - diesel - Euro-6 RDE
LPADEUR1	Personenauto - diesel - Euro-1	Personenauto - diesel - Euro-1
LPADEUR2	Personenauto - diesel - Euro-2	Personenauto - diesel - Euro-2
LPADEUR3	Personenauto - diesel - Euro-3	Personenauto - diesel - Euro-3
LPADEUR3HOF	Personenauto - diesel - Euro-3 - halfopen filter	Personenauto - diesel - Euro-3 - halfopen filter
LPADEUR4	Personenauto - diesel - Euro-4	Personenauto - diesel - Euro-4
LPADEUR4DPF	Personenauto - diesel - Euro-4 - DPF	Personenauto - diesel - Euro-4 - DPF
LPADEUR4HOF	Personenauto - diesel - Euro-4 - halfopen filter	Personenauto - diesel - Euro-4 - halfopen filter
LPADEUR5	Personenauto - diesel - Euro-5	Personenauto - diesel - Euro-5
LPADEUR7	Personenauto - diesel - licht - Euro-7	Personenauto - diesel - licht - Euro-7
LPADPR82LCH	Personenauto - diesel - licht - pre Euro wetgeving (< 1982)	Personenauto - diesel - licht - pre Euro wetgeving (< 1982)
LPADPR82MED	Personenauto - diesel - middelzwaar - pre Euro wetgeving (< 1982)	Personenauto - diesel - middelzwaar - pre Euro wetgeving (< 1982)
LPADPR82ZWA	Personenauto - diesel - zwaar - pre Euro wetgeving (< 1982)	Personenauto - diesel - zwaar - pre Euro wetgeving (< 1982)
LPAEZEEV	Personenauto - elektrisch	Personenauto - elektrisch
LPAHZEEV	Personenauto - waterstof	Personenauto - waterstof
LPAL1982LCH	Personenauto - LPG - licht - pre Euro wetgeving (1982)	Personenauto - LPG - licht - pre Euro wetgeving (1982)
LPAL1982MED	Personenauto - LPG - middelzwaar - pre Euro wetgeving (1982)	Personenauto - LPG - middelzwaar - pre Euro wetgeving (1982)
LPAL1982ZWA	Personenauto - LPG - zwaar - pre Euro wetgeving (1982)	Personenauto - LPG - zwaar - pre Euro wetgeving (1982)
LPAL1983LCH	Personenauto - LPG - licht - pre Euro wetgeving (1983)	Personenauto - LPG - licht - pre Euro wetgeving (1983)
LPAL1983MED	Personenauto - LPG - middelzwaar - pre Euro wetgeving (1983)	Personenauto - LPG - middelzwaar - pre Euro wetgeving (1983)
LPAL1983ZWA	Personenauto - LPG - zwaar - pre Euro wetgeving (1983)	Personenauto - LPG - zwaar - pre Euro wetgeving (1983)
LPAL1984LCH	Personenauto - LPG - licht - pre Euro wetgeving (1984)	Personenauto - LPG - licht - pre Euro wetgeving (1984)
LPAL1984MED	Personenauto - LPG - middelzwaar - pre Euro wetgeving (1984)	Personenauto - LPG - middelzwaar - pre Euro wetgeving (1984)
LPAL1984ZWA	Personenauto - LPG - zwaar - pre Euro wetgeving (1984)	Personenauto - LPG - zwaar - pre Euro wetgeving (1984)
LPAL1985LCH	Personenauto - LPG - licht - pre Euro wetgeving (1985)	Personenauto - LPG - licht - pre Euro wetgeving (1985)
LPAL1985MED	Personenauto - LPG - middelzwaar - pre Euro wetgeving (1985)	Personenauto - LPG - middelzwaar - pre Euro wetgeving (1985)
LPAL1985ZWA	Personenauto - LPG - zwaar - pre Euro wetgeving (1985)	Personenauto - LPG - zwaar - pre Euro wetgeving (1985)
LPAL1986LCH	Personenauto - LPG - licht - pre Euro wetgeving (1986)	Personenauto - LPG - licht - pre Euro wetgeving (1986)
LPAL1986MED	Personenauto - LPG - middelzwaar - pre Euro wetgeving (1986)	Personenauto - LPG - middelzwaar - pre Euro wetgeving (1986)
LPAL1986ZWA	Personenauto - LPG - zwaar - pre Euro wetgeving (1986)	Personenauto - LPG - zwaar - pre Euro wetgeving (1986)
LPAL1987LCH	Personenauto - LPG - licht - pre Euro wetgeving (1987)	Personenauto - LPG - licht - pre Euro wetgeving (1987)
LPAL1987MED	Personenauto - LPG - middelzwaar - pre Euro wetgeving (1987)	Personenauto - LPG - middelzwaar - pre Euro wetgeving (1987)
LPAL1987ZWA	Personenauto - LPG - zwaar - pre Euro wetgeving (1987)	Personenauto - LPG - zwaar - pre Euro wetgeving (1987)
LPAL1988MED	Personenauto - LPG - middelzwaar - pre Euro wetgeving (1988)	Personenauto - LPG - middelzwaar - pre Euro wetgeving (1988)
LPAL1988ZWA	Personenauto - LPG - zwaar - pre Euro wetgeving (1988)	Personenauto - LPG - zwaar - pre Euro wetgeving (1988)
LPAL1989LCH	Personenauto - LPG - licht - pre Euro wetgeving (1989)	Personenauto - LPG - licht - pre Euro wetgeving (1989)
LPAL1989MED	Personenauto - LPG - middelzwaar - pre Euro wetgeving (1989)	Personenauto - LPG - middelzwaar - pre Euro wetgeving (1989)
LPAL1989ZWA	Personenauto - LPG - zwaar - pre Euro wetgeving (1989)	Personenauto - LPG - zwaar - pre Euro wetgeving (1989)
LPAL1990MED	Personenauto - LPG - middelzwaar - pre Euro wetgeving (1990)	Personenauto - LPG - middelzwaar - pre Euro wetgeving (1990)
LPAL1990ZWA	Personenauto - LPG - zwaar - pre Euro wetgeving (1990)	Personenauto - LPG - zwaar - pre Euro wetgeving (1990)
LPAL1991MED	Personenauto - LPG - middelzwaar - pre Euro wetgeving (1997)	Personenauto - LPG - middelzwaar - pre Euro wetgeving (1997)
LPAL1991ZWA	Personenauto - LPG - zwaar - pre Euro wetgeving (1997)	Personenauto - LPG - zwaar - pre Euro wetgeving (1997)
LPAL1992MED	Personenauto - LPG - middelzwaar - pre Euro wetgeving (1992)	Personenauto - LPG - middelzwaar - pre Euro wetgeving (1992)
LPAL1992ZWA	Personenauto - LPG - zwaar - pre Euro wetgeving (1992)	Personenauto - LPG - zwaar - pre Euro wetgeving (1992)
LPALEUR1	Personenauto - LPG - Euro-1	Personenauto - LPG - Euro-1
LPALEUR2	Personenauto - LPG - Euro-2	Personenauto - LPG - Euro-2
LPALEUR3	Personenauto - LPG - Euro-3	Personenauto - LPG - Euro-3
LPALEUR4	Personenauto - LPG - Euro-4	Personenauto - LPG - Euro-4
LPALEUR5	Personenauto - LPG - Euro-5	Personenauto - LPG - Euro-5
LPALEUR6	Personenauto - LPG - Euro-6	Personenauto - LPG - Euro-6
LPALEUR7	Personenauto - LPG - licht - Euro-7	Personenauto - LPG - licht - Euro-7
LPALO3WCLCH	Personenauto - LPG - licht - pre Euro wetgeving (< 1992)	Personenauto - LPG - licht - pre Euro wetgeving (< 1992)
LPALO3WCMED	Personenauto - LPG - middelzwaar - pre Euro wetgeving (< 1992)	Personenauto - LPG - middelzwaar - pre Euro wetgeving (< 1992)
LPALO3WCZWA	Personenauto - LPG - zwaar - pre Euro wetgeving (< 1992)	Personenauto - LPG - zwaar - pre Euro wetgeving (< 1992)
LPALPR82LCH	Personenauto - LPG - licht - pre Euro wetgeving (< 1982)	Personenauto - LPG - licht - pre Euro wetgeving (< 1982)
LPALPR82MED	Personenauto - LPG - middelzwaar - pre Euro wetgeving (< 1982)	Personenauto - LPG - middelzwaar - pre Euro wetgeving (< 1982)
LPALPR82ZWA	Personenauto - LPG - zwaar - pre Euro wetgeving (< 1982)	Personenauto - LPG - zwaar - pre Euro wetgeving (< 1982)
LPALR3WC	Personenauto - LPG - pre Euro wetgeving (< 1992)	Personenauto - LPG - pre Euro wetgeving (< 1992)
LPCBEUR3	Personenauto dual-fuel - benzine - licht - Euro-3	Personenauto dual-fuel - benzine - licht - Euro-3
LPCBEUR4	Personenauto dual-fuel - benzine - licht - Euro-4	Personenauto dual-fuel - benzine - licht - Euro-4
LPCBEUR5	Personenauto dual-fuel - benzine - licht - Euro-5	Personenauto dual-fuel - benzine - licht - Euro-5
LPCBEUR6	Personenauto dual-fuel - benzine - licht - Euro-6	Personenauto dual-fuel - benzine - licht - Euro-6
LPEBEUR5	Personenauto plug-in hybride - benzine - Euro-5	Personenauto plug-in hybride - benzine - Euro-5
LPEBEUR6	Personenauto plug-in hybride - benzine - Euro-6	Personenauto plug-in hybride - benzine - Euro-6
LPEBEUR7	Personenauto plug-in hybride - benzine - licht - Euro-7	Personenauto plug-in hybride - benzine - licht - Euro-7
LPEDEDT6	Personenauto plug-in hybride - diesel - licht - Euro-6 RDE temp	Personenauto plug-in hybride - diesel - licht - Euro-6 RDE temp
LPEDEUA6	Personenauto plug-in hybride - diesel - Euro-6 pre-RDE	Personenauto plug-in hybride - diesel - Euro-6 pre-RDE
LPEDEUD6	Personenauto plug-in hybride - diesel - Euro-6 RDE	Personenauto plug-in hybride - diesel - Euro-6 RDE
LPEDEUR5	Personenauto plug-in hybride - diesel - Euro-5	Personenauto plug-in hybride - diesel - Euro-5
LPEDEUR7	Personenauto plug-in hybride - diesel - licht - Euro-7	Personenauto plug-in hybride - diesel - licht - Euro-7
LTRBEUR0	Trekker - benzine - licht	Trekker - benzine - licht
LTRCEUR5	Trekker - CNG - licht - Euro-5	Trekker - CNG - licht - Euro-5
LTRCEUR6	Trekker - CNG - licht - Euro-6	Trekker - CNG - licht - Euro-6
LTRDEDT6CL3	Trekker - diesel - licht - Euro-6 RDE temp - N1 klasse 3	Trekker - diesel - licht - Euro-6 RDE temp - N1 klasse 3
LTRDEDT6CL3KOE	Trekker - diesel - Euro-6 RDE temp - koelmotor - N1 klasse 3 - N1 klasse 3 - koelmotor	Trekker - diesel - Euro-6 RDE temp - koelmotor - N1 klasse 3 - N1 klasse 3 - koelmotor
LTRDEUA6CL3	Trekker - diesel - licht - Euro-6 pre-RDE - N1 klasse 3	Trekker - diesel - licht - Euro-6 pre-RDE - N1 klasse 3
LTRDEUA6CL3KOE	Trekker - diesel - Euro-6 pre-RDE - koelmotor - N1 klasse 3 - N1 klasse 3 - koelmotor	Trekker - diesel - Euro-6 pre-RDE - koelmotor - N1 klasse 3 - N1 klasse 3 - koelmotor
LTRDEUD6CL3	Trekker - diesel - licht - Euro-6 RDE - N1 klasse 3	Trekker - diesel - licht - Euro-6 RDE - N1 klasse 3
LTRDEUD6CL3KOE	Trekker - diesel - Euro-6 RDE - koelmotor - N1 klasse 3 - N1 klasse 3 - koelmotor	Trekker - diesel - Euro-6 RDE - koelmotor - N1 klasse 3 - N1 klasse 3 - koelmotor
LTRDEUR0	Trekker - diesel - licht - pre Euro wetgeving (1993)	Trekker - diesel - licht - pre Euro wetgeving (1993)
LTRDEUR0KOE	Trekker - diesel - licht - pre Euro wetgeving (1993) - koelmotor - koelmotor	Trekker - diesel - licht - pre Euro wetgeving (1993) - koelmotor - koelmotor
LTRDEUR1CL3	Trekker - diesel - licht - Euro-1 - N1 klasse 3	Trekker - diesel - licht - Euro-1 - N1 klasse 3
LTRDEUR1CL3KOE	Trekker - diesel - Euro-1 - koelmotor - N1 klasse 3 - N1 klasse 3 - koelmotor	Trekker - diesel - Euro-1 - koelmotor - N1 klasse 3 - N1 klasse 3 - koelmotor
LTRDEUR2CL3	Trekker - diesel - licht - Euro-2 - N1 klasse 3	Trekker - diesel - licht - Euro-2 - N1 klasse 3
LTRDEUR2CL3KOE	Trekker - diesel - Euro-2 - koelmotor - N1 klasse 3 - N1 klasse 3 - koelmotor	Trekker - diesel - Euro-2 - koelmotor - N1 klasse 3 - N1 klasse 3 - koelmotor
LTRDEUR3CL3	Trekker - diesel - licht - Euro-3 - N1 klasse 3	Trekker - diesel - licht - Euro-3 - N1 klasse 3
LTRDEUR3CL3KOE	Trekker - diesel - Euro-3 - koelmotor - N1 klasse 3 - N1 klasse 3 - koelmotor	Trekker - diesel - Euro-3 - koelmotor - N1 klasse 3 - N1 klasse 3 - koelmotor
LTRDEUR4CL3	Trekker - diesel - licht - Euro-4 - N1 klasse 3	Trekker - diesel - licht - Euro-4 - N1 klasse 3
LTRDEUR4CL3DPF	Trekker - diesel - licht - Euro-4 - DPF - N1 klasse 3	Trekker - diesel - licht - Euro-4 - DPF - N1 klasse 3
LTRDEUR4CL3DPFKOE	Trekker - diesel - Euro-4 - DPF -  koelmotor - N1 klasse 3 - koelmotor	Trekker - diesel - Euro-4 - DPF -  koelmotor - N1 klasse 3 - koelmotor
LTRDEUR4CL3KOE	Trekker - diesel - Euro-4 - koelmotor - N1 klasse 3 - N1 klasse 3 - koelmotor	Trekker - diesel - Euro-4 - koelmotor - N1 klasse 3 - N1 klasse 3 - koelmotor
LTRDEUR5CL3	Trekker - diesel - licht - Euro-5 - N1 klasse 3	Trekker - diesel - licht - Euro-5 - N1 klasse 3
LTRDEUR5CL3KOE	Trekker - diesel - Euro-5 - koelmotor - N1 klasse 3 - N1 klasse 3 - koelmotor	Trekker - diesel - Euro-5 - koelmotor - N1 klasse 3 - N1 klasse 3 - koelmotor
LTRDEUR7CL3	Trekker - diesel - licht - Euro-7 - N1 klasse 3	Trekker - diesel - licht - Euro-7 - N1 klasse 3
LTRDEUR7CL3KOE	Trekker - diesel - Euro-7 - koelmotor - N1 klasse 3 - N1 klasse 3 - koelmotor	Trekker - diesel - Euro-7 - koelmotor - N1 klasse 3 - N1 klasse 3 - koelmotor
LTREZEEV	Trekker - elektrisch - licht	Trekker - elektrisch - licht
LTRLEUR6	Trekker - LPG - licht - Euro-6	Trekker - LPG - licht - Euro-6
MABBEUR0	Touringcar - benzine - pre Euro wetgeving (1992)	Touringcar - benzine - pre Euro wetgeving (1992)
MABCEEV5	Touringcar - CNG - Euro-5 EEV (fijnstof eis)	Touringcar - CNG - Euro-5 EEV (fijnstof eis)
MABCEUR5GEL	Touringcar - CNG - Euro-5 - Gelede bus	Touringcar - CNG - Euro-5 - Gelede bus
MABCEUR6	Touringcar - CNG - bus - Euro-6	Touringcar - CNG - bus - Euro-6
MABDEEV5GELSCR	Touringcar - diesel - Euro-5 EEV (fijnstof eis) - Gelede bus - Gelede bus - SCR	Touringcar - diesel - Euro-5 EEV (fijnstof eis) - Gelede bus - Gelede bus - SCR
MABDEEV5SCR	Touringcar - diesel - Euro-5 EEV (fijnstof eis) - SCR	Touringcar - diesel - Euro-5 EEV (fijnstof eis) - SCR
MABDEUR0	Touringcar - diesel - pre Euro wetgeving (1992)	Touringcar - diesel - pre Euro wetgeving (1992)
MABDEUR0GEL	Touringcar - diesel - pre Euro wetgeving (1992) - Gelede bus	Touringcar - diesel - pre Euro wetgeving (1992) - Gelede bus
MABDEUR1	Touringcar - diesel - Euro-1	Touringcar - diesel - Euro-1
MABDEUR1GEL	Touringcar - diesel - Euro-1 - Gelede bus	Touringcar - diesel - Euro-1 - Gelede bus
MABDEUR2	Touringcar - diesel - Euro-2	Touringcar - diesel - Euro-2
MABDEUR2GEL	Touringcar - diesel - Euro-2 - Gelede bus	Touringcar - diesel - Euro-2 - Gelede bus
MABDEUR3	Touringcar - diesel - Euro-3	Touringcar - diesel - Euro-3
MABDEUR3GEL	Touringcar - diesel - Euro-3 - Gelede bus	Touringcar - diesel - Euro-3 - Gelede bus
MABDEUR4	Touringcar - diesel - Euro-4	Touringcar - diesel - Euro-4
MABDEUR4GEL	Touringcar - diesel - Euro-4 - Gelede bus	Touringcar - diesel - Euro-4 - Gelede bus
MABDEUR5EGR	Touringcar - diesel - Euro-5 - EGR	Touringcar - diesel - Euro-5 - EGR
MABDEUR5GELSCR	Touringcar - diesel - Euro-5 - Gelede bus - SCR	Touringcar - diesel - Euro-5 - Gelede bus - SCR
MABDEUR5SCR	Touringcar - diesel - Euro-5 - SCR	Touringcar - diesel - Euro-5 - SCR
MABDEUR6	Touringcar - diesel - Euro-6	Touringcar - diesel - Euro-6
MABDEUR6GEL	Touringcar - diesel - Euro-6 - Gelede bus - Gelede bus	Touringcar - diesel - Euro-6 - Gelede bus - Gelede bus
MABDEUR7	Touringcar - diesel - bus - Euro-7	Touringcar - diesel - bus - Euro-7
MABEZEEV	Touringcar - elektrisch	Touringcar - elektrisch
MABEZEEVGEL	Touringcar - elektrisch - Gelede bus	Touringcar - elektrisch - Gelede bus
MABHZEEV	Touringcar - waterstof	Touringcar - waterstof
MUTBEUR0LCH	Utiliteitsvoertuig - benzine - middelzwaar - pre Euro wetgeving (1992) - licht	Utiliteitsvoertuig - benzine - middelzwaar - pre Euro wetgeving (1992) - licht
MUTCEUR6LCH	Utiliteitsvoertuig - CNG - middelzwaar - Euro-6 - licht	Utiliteitsvoertuig - CNG - middelzwaar - Euro-6 - licht
MUTCEUR6ZWA	Utiliteitsvoertuig - CNG - middelzwaar - Euro-6 - zwaar	Utiliteitsvoertuig - CNG - middelzwaar - Euro-6 - zwaar
MUTDEDE5LCHSCR	Utiliteitsvoertuig - diesel - middelzwaar - Euro-5 Step D en E - SCR - licht	Utiliteitsvoertuig - diesel - middelzwaar - Euro-5 Step D en E - SCR - licht
MUTDEDE5SCRZWA	Utiliteitsvoertuig - diesel - middelzwaar - Euro-5 Step D en E - SCR - zwaar	Utiliteitsvoertuig - diesel - middelzwaar - Euro-5 Step D en E - SCR - zwaar
MUTDEUG5EGRLCH	Utiliteitsvoertuig - diesel - middelzwaar - Euro-5 Step G - EGR - licht	Utiliteitsvoertuig - diesel - middelzwaar - Euro-5 Step G - EGR - licht
MUTDEUG5EGRZWA	Utiliteitsvoertuig - diesel - middelzwaar - Euro-5 Step G - EGR - zwaar	Utiliteitsvoertuig - diesel - middelzwaar - Euro-5 Step G - EGR - zwaar
MUTDEUG5LCHSCR	Utiliteitsvoertuig - diesel - middelzwaar - Euro-5 Step G - SCR - licht	Utiliteitsvoertuig - diesel - middelzwaar - Euro-5 Step G - SCR - licht
MUTDEUG5SCRZWA	Utiliteitsvoertuig - diesel - middelzwaar - Euro-5 Step G - SCR - zwaar	Utiliteitsvoertuig - diesel - middelzwaar - Euro-5 Step G - SCR - zwaar
MUTDEUR0LCH	Utiliteitsvoertuig - diesel - middelzwaar - pre Euro wetgeving (1992) - licht	Utiliteitsvoertuig - diesel - middelzwaar - pre Euro wetgeving (1992) - licht
MUTDEUR0ZWA	Utiliteitsvoertuig - diesel - middelzwaar - pre Euro wetgeving (1992) - zwaar	Utiliteitsvoertuig - diesel - middelzwaar - pre Euro wetgeving (1992) - zwaar
MUTDEUR1LCH	Utiliteitsvoertuig - diesel - middelzwaar - Euro-1 - licht	Utiliteitsvoertuig - diesel - middelzwaar - Euro-1 - licht
MUTDEUR1ZWA	Utiliteitsvoertuig - diesel - middelzwaar - Euro-1 - zwaar	Utiliteitsvoertuig - diesel - middelzwaar - Euro-1 - zwaar
MUTDEUR2LCH	Utiliteitsvoertuig - diesel - middelzwaar - Euro-2 - licht	Utiliteitsvoertuig - diesel - middelzwaar - Euro-2 - licht
MUTDEUR2ZWA	Utiliteitsvoertuig - diesel - middelzwaar - Euro-2 - zwaar	Utiliteitsvoertuig - diesel - middelzwaar - Euro-2 - zwaar
MUTDEUR3LCH	Utiliteitsvoertuig - diesel - middelzwaar - Euro-3 - licht	Utiliteitsvoertuig - diesel - middelzwaar - Euro-3 - licht
MUTDEUR3ZWA	Utiliteitsvoertuig - diesel - middelzwaar - Euro-3 - zwaar	Utiliteitsvoertuig - diesel - middelzwaar - Euro-3 - zwaar
MUTDEUR4LCH	Utiliteitsvoertuig - diesel - middelzwaar - Euro-4 - licht	Utiliteitsvoertuig - diesel - middelzwaar - Euro-4 - licht
MUTDEUR4ZWA	Utiliteitsvoertuig - diesel - middelzwaar - Euro-4 - zwaar	Utiliteitsvoertuig - diesel - middelzwaar - Euro-4 - zwaar
MUTDEUR6LCH	Utiliteitsvoertuig - diesel - middelzwaar - Euro-6 - licht	Utiliteitsvoertuig - diesel - middelzwaar - Euro-6 - licht
MUTDEUR6ZWA	Utiliteitsvoertuig - diesel - middelzwaar - Euro-6 - zwaar	Utiliteitsvoertuig - diesel - middelzwaar - Euro-6 - zwaar
MUTDEUR7LCH	Utiliteitsvoertuig - diesel - middelzwaar - Euro-7 - licht - licht	Utiliteitsvoertuig - diesel - middelzwaar - Euro-7 - licht - licht
MUTDEUR7ZWA	Utiliteitsvoertuig - diesel - middelzwaar - Euro-7 - zwaar - zwaar	Utiliteitsvoertuig - diesel - middelzwaar - Euro-7 - zwaar - zwaar
MUTEZEEVLCH	Utiliteitsvoertuig - elektrisch - middelzwaar - licht	Utiliteitsvoertuig - elektrisch - middelzwaar - licht
MUTEZEEVZWA	Utiliteitsvoertuig - elektrisch - middelzwaar - zwaar	Utiliteitsvoertuig - elektrisch - middelzwaar - zwaar
MUTHZEEVZWA	Utiliteitsvoertuig - waterstof - middelzwaar - zwaar	Utiliteitsvoertuig - waterstof - middelzwaar - zwaar
MUTLEUR0LCH	Utiliteitsvoertuig - LPG - middelzwaar - pre Euro wetgeving (1992) - licht	Utiliteitsvoertuig - LPG - middelzwaar - pre Euro wetgeving (1992) - licht
MVABEUR0LCH	Vrachtauto - benzine - middelzwaar - pre Euro wetgeving (1992) - licht	Vrachtauto - benzine - middelzwaar - pre Euro wetgeving (1992) - licht
MVACEUR6LCH	Vrachtauto - CNG - middelzwaar - Euro-6 - licht	Vrachtauto - CNG - middelzwaar - Euro-6 - licht
MVACEUR6ZWA	Vrachtauto - CNG - middelzwaar - Euro-6 - zwaar	Vrachtauto - CNG - middelzwaar - Euro-6 - zwaar
MVADEDE5KOELCHSCR	Vrachtauto - diesel - middelzwaar - Euro-5 Step D en E - SCR -  koelmotor - licht - koelmotor - licht	Vrachtauto - diesel - middelzwaar - Euro-5 Step D en E - SCR -  koelmotor - licht - koelmotor - licht
MVADEDE5KOESCRZWA	Vrachtauto - diesel - middelzwaar - Euro-5 Step D en E - SCR -  koelmotor - zwaar - zwaar	Vrachtauto - diesel - middelzwaar - Euro-5 Step D en E - SCR -  koelmotor - zwaar - zwaar
MVADEDE5LCHSCR	Vrachtauto - diesel - middelzwaar - Euro-5 Step D en E - SCR - licht	Vrachtauto - diesel - middelzwaar - Euro-5 Step D en E - SCR - licht
MVADEDE5SCRZWA	Vrachtauto - diesel - middelzwaar - Euro-5 Step D en E - SCR - zwaar	Vrachtauto - diesel - middelzwaar - Euro-5 Step D en E - SCR - zwaar
MVADEUG5EGRKOELCH	Vrachtauto - diesel - middelzwaar - Euro-5 Step G - EGR -  koelmotor - licht - licht	Vrachtauto - diesel - middelzwaar - Euro-5 Step G - EGR -  koelmotor - licht - licht
MVADEUG5EGRKOEZWA	Vrachtauto - diesel - middelzwaar - Euro-5 Step G - EGR -  koelmotor - zwaar - zwaar	Vrachtauto - diesel - middelzwaar - Euro-5 Step G - EGR -  koelmotor - zwaar - zwaar
MVADEUG5EGRLCH	Vrachtauto - diesel - middelzwaar - Euro-5 Step G - EGR - licht	Vrachtauto - diesel - middelzwaar - Euro-5 Step G - EGR - licht
MVADEUG5EGRZWA	Vrachtauto - diesel - middelzwaar - Euro-5 Step G - EGR - zwaar	Vrachtauto - diesel - middelzwaar - Euro-5 Step G - EGR - zwaar
MVADEUG5KOELCHSCR	Vrachtauto - diesel - middelzwaar - Euro-5 Step G - SCR -  koelmotor - licht - koelmotor - licht	Vrachtauto - diesel - middelzwaar - Euro-5 Step G - SCR -  koelmotor - licht - koelmotor - licht
MVADEUG5KOESCRZWA	Vrachtauto - diesel - middelzwaar - Euro-5 Step G - SCR -  koelmotor - zwaar - zwaar	Vrachtauto - diesel - middelzwaar - Euro-5 Step G - SCR -  koelmotor - zwaar - zwaar
MVADEUG5LCHSCR	Vrachtauto - diesel - middelzwaar - Euro-5 Step G - SCR - licht	Vrachtauto - diesel - middelzwaar - Euro-5 Step G - SCR - licht
MVADEUG5SCRZWA	Vrachtauto - diesel - middelzwaar - Euro-5 Step G - SCR - zwaar	Vrachtauto - diesel - middelzwaar - Euro-5 Step G - SCR - zwaar
MVADEUR0KOELCH	Vrachtauto - diesel - middelzwaar - pre Euro wetgeving (1992) - koelmotor - licht - koelmotor - licht	Vrachtauto - diesel - middelzwaar - pre Euro wetgeving (1992) - koelmotor - licht - koelmotor - licht
MVADEUR0KOEZWA	Vrachtauto - diesel - middelzwaar - pre Euro wetgeving (1992) - koelmotor - zwaar - koelmotor - zwaar	Vrachtauto - diesel - middelzwaar - pre Euro wetgeving (1992) - koelmotor - zwaar - koelmotor - zwaar
MVADEUR0LCH	Vrachtauto - diesel - middelzwaar - pre Euro wetgeving (1992) - licht	Vrachtauto - diesel - middelzwaar - pre Euro wetgeving (1992) - licht
MVADEUR0ZWA	Vrachtauto - diesel - middelzwaar - pre Euro wetgeving (1992) - zwaar	Vrachtauto - diesel - middelzwaar - pre Euro wetgeving (1992) - zwaar
MVADEUR1KOELCH	Vrachtauto - diesel - middelzwaar - Euro-1 - koelmotor - licht - koelmotor - licht	Vrachtauto - diesel - middelzwaar - Euro-1 - koelmotor - licht - koelmotor - licht
MVADEUR1KOEZWA	Vrachtauto - diesel - middelzwaar - Euro-1 - koelmotor - zwaar - koelmotor - zwaar	Vrachtauto - diesel - middelzwaar - Euro-1 - koelmotor - zwaar - koelmotor - zwaar
MVADEUR1LCH	Vrachtauto - diesel - middelzwaar - Euro-1 - licht	Vrachtauto - diesel - middelzwaar - Euro-1 - licht
MVADEUR1ZWA	Vrachtauto - diesel - middelzwaar - Euro-1 - zwaar	Vrachtauto - diesel - middelzwaar - Euro-1 - zwaar
MVADEUR2KOELCH	Vrachtauto - diesel - middelzwaar - Euro-2 - koelmotor - licht - koelmotor - licht	Vrachtauto - diesel - middelzwaar - Euro-2 - koelmotor - licht - koelmotor - licht
MVADEUR2KOEZWA	Vrachtauto - diesel - middelzwaar - Euro-2 - koelmotor - zwaar - koelmotor - zwaar	Vrachtauto - diesel - middelzwaar - Euro-2 - koelmotor - zwaar - koelmotor - zwaar
MVADEUR2LCH	Vrachtauto - diesel - middelzwaar - Euro-2 - licht	Vrachtauto - diesel - middelzwaar - Euro-2 - licht
MVADEUR2ZWA	Vrachtauto - diesel - middelzwaar - Euro-2 - zwaar	Vrachtauto - diesel - middelzwaar - Euro-2 - zwaar
MVADEUR3KOELCH	Vrachtauto - diesel - middelzwaar - Euro-3 - koelmotor - licht - koelmotor - licht	Vrachtauto - diesel - middelzwaar - Euro-3 - koelmotor - licht - koelmotor - licht
MVADEUR3KOEZWA	Vrachtauto - diesel - middelzwaar - Euro-3 - koelmotor - zwaar - koelmotor - zwaar	Vrachtauto - diesel - middelzwaar - Euro-3 - koelmotor - zwaar - koelmotor - zwaar
MVADEUR3LCH	Vrachtauto - diesel - middelzwaar - Euro-3 - licht	Vrachtauto - diesel - middelzwaar - Euro-3 - licht
MVADEUR3ZWA	Vrachtauto - diesel - middelzwaar - Euro-3 - zwaar	Vrachtauto - diesel - middelzwaar - Euro-3 - zwaar
MVADEUR4KOELCH	Vrachtauto - diesel - middelzwaar - Euro-4 - koelmotor - licht - koelmotor - licht	Vrachtauto - diesel - middelzwaar - Euro-4 - koelmotor - licht - koelmotor - licht
MVADEUR4KOEZWA	Vrachtauto - diesel - middelzwaar - Euro-4 - koelmotor - zwaar - koelmotor - zwaar	Vrachtauto - diesel - middelzwaar - Euro-4 - koelmotor - zwaar - koelmotor - zwaar
MVADEUR4LCH	Vrachtauto - diesel - middelzwaar - Euro-4 - licht	Vrachtauto - diesel - middelzwaar - Euro-4 - licht
MVADEUR4ZWA	Vrachtauto - diesel - middelzwaar - Euro-4 - zwaar	Vrachtauto - diesel - middelzwaar - Euro-4 - zwaar
MVADEUR6KOELCH	Vrachtauto - diesel - middelzwaar - Euro-6 - koelmotor - licht - koelmotor - licht	Vrachtauto - diesel - middelzwaar - Euro-6 - koelmotor - licht - koelmotor - licht
MVADEUR6KOEZWA	Vrachtauto - diesel - middelzwaar - Euro-6 - koelmotor - zwaar - koelmotor - zwaar	Vrachtauto - diesel - middelzwaar - Euro-6 - koelmotor - zwaar - koelmotor - zwaar
MVADEUR6LCH	Vrachtauto - diesel - middelzwaar - Euro-6 - licht	Vrachtauto - diesel - middelzwaar - Euro-6 - licht
MVADEUR6ZWA	Vrachtauto - diesel - middelzwaar - Euro-6 - zwaar	Vrachtauto - diesel - middelzwaar - Euro-6 - zwaar
MVADEUR7KOELCH	Vrachtauto - diesel - middelzwaar - Euro-7 - koelmotor - licht - koelmotor - licht	Vrachtauto - diesel - middelzwaar - Euro-7 - koelmotor - licht - koelmotor - licht
MVADEUR7KOEZWA	Vrachtauto - diesel - middelzwaar - Euro-7 - koelmotor - zwaar - koelmotor - zwaar	Vrachtauto - diesel - middelzwaar - Euro-7 - koelmotor - zwaar - koelmotor - zwaar
MVADEUR7LCH	Vrachtauto - diesel - middelzwaar - Euro-7 - licht	Vrachtauto - diesel - middelzwaar - Euro-7 - licht
MVADEUR7ZWA	Vrachtauto - diesel - middelzwaar - Euro-7 - zwaar	Vrachtauto - diesel - middelzwaar - Euro-7 - zwaar
MVAEZEEVLCH	Vrachtauto - elektrisch - middelzwaar - licht	Vrachtauto - elektrisch - middelzwaar - licht
MVAEZEEVZWA	Vrachtauto - elektrisch - middelzwaar - zwaar	Vrachtauto - elektrisch - middelzwaar - zwaar
MVAHZEEVLCH	Vrachtauto - waterstof - middelzwaar - licht	Vrachtauto - waterstof - middelzwaar - licht
MVAHZEEVZWA	Vrachtauto - waterstof - middelzwaar - zwaar	Vrachtauto - waterstof - middelzwaar - zwaar
MVALEUR0LCH	Vrachtauto - LPG - middelzwaar - pre Euro wetgeving (1992) - licht	Vrachtauto - LPG - middelzwaar - pre Euro wetgeving (1992) - licht
ZTRBEUR0	Trekker - benzine - zwaar - pre Euro wetgeving (1992)	Trekker - benzine - zwaar - pre Euro wetgeving (1992)
ZTRCEUR6LCH	Trekker - CNG - zwaar - Euro-6 - licht	Trekker - CNG - zwaar - Euro-6 - licht
ZTRCEUR6ZWA	Trekker - CNG - zwaar - Euro-6 - zwaar	Trekker - CNG - zwaar - Euro-6 - zwaar
ZTRDEDE5KOELCHSCR	Trekker - diesel - zwaar - Euro-5 Step D en E - SCR -  koelmotor - licht - koelmotor - licht	Trekker - diesel - zwaar - Euro-5 Step D en E - SCR -  koelmotor - licht - koelmotor - licht
ZTRDEDE5KOESCRZWA	Trekker - diesel - zwaar - Euro-5 Step D en E - SCR -  koelmotor - zwaar - zwaar	Trekker - diesel - zwaar - Euro-5 Step D en E - SCR -  koelmotor - zwaar - zwaar
ZTRDEDE5LCHSCR	Trekker - diesel - zwaar - Euro-5 Step D en E - SCR - licht	Trekker - diesel - zwaar - Euro-5 Step D en E - SCR - licht
ZTRDEDE5SCRZWA	Trekker - diesel - zwaar - Euro-5 Step D en E - SCR - zwaar	Trekker - diesel - zwaar - Euro-5 Step D en E - SCR - zwaar
ZTRDEUG5EGRKOELCH	Trekker - diesel - zwaar - Euro-5 Step G - EGR -  koelmotor - licht - licht	Trekker - diesel - zwaar - Euro-5 Step G - EGR -  koelmotor - licht - licht
ZTRDEUG5EGRKOEZWA	Trekker - diesel - zwaar - Euro-5 Step G - EGR -  koelmotor - zwaar - zwaar	Trekker - diesel - zwaar - Euro-5 Step G - EGR -  koelmotor - zwaar - zwaar
ZTRDEUG5EGRLCH	Trekker - diesel - zwaar - Euro-5 Step G - EGR - licht	Trekker - diesel - zwaar - Euro-5 Step G - EGR - licht
ZTRDEUG5EGRZWA	Trekker - diesel - zwaar - Euro-5 Step G - EGR - zwaar	Trekker - diesel - zwaar - Euro-5 Step G - EGR - zwaar
ZTRDEUG5KOELCHSCR	Trekker - diesel - zwaar - Euro-5 Step G - SCR -  koelmotor - licht - koelmotor - licht	Trekker - diesel - zwaar - Euro-5 Step G - SCR -  koelmotor - licht - koelmotor - licht
ZTRDEUG5KOESCRZWA	Trekker - diesel - zwaar - Euro-5 Step G - SCR -  koelmotor - zwaar - zwaar	Trekker - diesel - zwaar - Euro-5 Step G - SCR -  koelmotor - zwaar - zwaar
ZTRDEUG5LCHSCR	Trekker - diesel - zwaar - Euro-5 Step G - SCR - licht	Trekker - diesel - zwaar - Euro-5 Step G - SCR - licht
ZTRDEUG5SCRZWA	Trekker - diesel - zwaar - Euro-5 Step G - SCR - zwaar	Trekker - diesel - zwaar - Euro-5 Step G - SCR - zwaar
ZTRDEUR0	Trekker - diesel - zwaar - pre Euro wetgeving (1992)	Trekker - diesel - zwaar - pre Euro wetgeving (1992)
ZTRDEUR0KOE	Trekker - diesel - zwaar - pre Euro wetgeving (1992) - koelmotor - koelmotor	Trekker - diesel - zwaar - pre Euro wetgeving (1992) - koelmotor - koelmotor
ZTRDEUR1	Trekker - diesel - zwaar - Euro-1	Trekker - diesel - zwaar - Euro-1
ZTRDEUR1KOE	Trekker - diesel - zwaar - Euro-1 - koelmotor - koelmotor	Trekker - diesel - zwaar - Euro-1 - koelmotor - koelmotor
ZTRDEUR2	Trekker - diesel - zwaar - Euro-2	Trekker - diesel - zwaar - Euro-2
ZTRDEUR2KOE	Trekker - diesel - zwaar - Euro-2 - koelmotor - koelmotor	Trekker - diesel - zwaar - Euro-2 - koelmotor - koelmotor
ZTRDEUR3	Trekker - diesel - zwaar - Euro-3	Trekker - diesel - zwaar - Euro-3
ZTRDEUR3KOE	Trekker - diesel - zwaar - Euro-3 - koelmotor - koelmotor	Trekker - diesel - zwaar - Euro-3 - koelmotor - koelmotor
ZTRDEUR4	Trekker - diesel - zwaar - Euro-4	Trekker - diesel - zwaar - Euro-4
ZTRDEUR4KOE	Trekker - diesel - zwaar - Euro-4 - koelmotor - koelmotor	Trekker - diesel - zwaar - Euro-4 - koelmotor - koelmotor
ZTRDEUR6KOELCH	Trekker - diesel - zwaar - Euro-6 - koelmotor - licht - koelmotor - licht	Trekker - diesel - zwaar - Euro-6 - koelmotor - licht - koelmotor - licht
ZTRDEUR6KOEZWA	Trekker - diesel - zwaar - Euro-6 - koelmotor - zwaar - koelmotor - zwaar	Trekker - diesel - zwaar - Euro-6 - koelmotor - zwaar - koelmotor - zwaar
ZTRDEUR6LCH	Trekker - diesel - zwaar - Euro-6 - licht	Trekker - diesel - zwaar - Euro-6 - licht
ZTRDEUR6ZWA	Trekker - diesel - zwaar - Euro-6 - zwaar	Trekker - diesel - zwaar - Euro-6 - zwaar
ZTRDEUR7KOELCH	Trekker - diesel - zwaar - Euro-7 - koelmotor - licht - koelmotor - licht	Trekker - diesel - zwaar - Euro-7 - koelmotor - licht - koelmotor - licht
ZTRDEUR7KOEZWA	Trekker - diesel - zwaar - Euro-7 - koelmotor - zwaar - koelmotor - zwaar	Trekker - diesel - zwaar - Euro-7 - koelmotor - zwaar - koelmotor - zwaar
ZTRDEUR7LCH	Trekker - diesel - zwaar - Euro-7 - licht	Trekker - diesel - zwaar - Euro-7 - licht
ZTRDEUR7ZWA	Trekker - diesel - zwaar - Euro-7 - zwaar	Trekker - diesel - zwaar - Euro-7 - zwaar
ZTREZEEVLCH	Trekker - elektrisch - zwaar - licht	Trekker - elektrisch - zwaar - licht
ZTREZEEVZWA	Trekker - elektrisch - zwaar - zwaar	Trekker - elektrisch - zwaar - zwaar
ZTRHZEEVLCH	Trekker - waterstof - zwaar - licht	Trekker - waterstof - zwaar - licht
ZTRHZEEVZWA	Trekker - waterstof - zwaar - zwaar	Trekker - waterstof - zwaar - zwaar
ZTRLEUR0	Trekker - LPG - zwaar - pre Euro wetgeving (1992)	Trekker - LPG - zwaar - pre Euro wetgeving (1992)
ZUTBEUR0	Utiliteitsvoertuig - benzine - zwaar - pre Euro wetgeving (1992)	Utiliteitsvoertuig - benzine - zwaar - pre Euro wetgeving (1992)
ZUTCEUR6	Utiliteitsvoertuig - CNG - zwaar - Euro-6	Utiliteitsvoertuig - CNG - zwaar - Euro-6
ZUTDEDE5SCR	Utiliteitsvoertuig - diesel - zwaar - Euro-5 Step D en E - SCR	Utiliteitsvoertuig - diesel - zwaar - Euro-5 Step D en E - SCR
ZUTDEUG5EGR	Utiliteitsvoertuig - diesel - zwaar - Euro-5 Step G - EGR	Utiliteitsvoertuig - diesel - zwaar - Euro-5 Step G - EGR
ZUTDEUG5SCR	Utiliteitsvoertuig - diesel - zwaar - Euro-5 Step G - SCR	Utiliteitsvoertuig - diesel - zwaar - Euro-5 Step G - SCR
ZUTDEUR0	Utiliteitsvoertuig - diesel - zwaar - pre Euro wetgeving (1992)	Utiliteitsvoertuig - diesel - zwaar - pre Euro wetgeving (1992)
ZUTDEUR1	Utiliteitsvoertuig - diesel - zwaar - Euro-1	Utiliteitsvoertuig - diesel - zwaar - Euro-1
ZUTDEUR2	Utiliteitsvoertuig - diesel - zwaar - Euro-2	Utiliteitsvoertuig - diesel - zwaar - Euro-2
ZUTDEUR3	Utiliteitsvoertuig - diesel - zwaar - Euro-3	Utiliteitsvoertuig - diesel - zwaar - Euro-3
ZUTDEUR4	Utiliteitsvoertuig - diesel - zwaar - Euro-4	Utiliteitsvoertuig - diesel - zwaar - Euro-4
ZUTDEUR6	Utiliteitsvoertuig - diesel - zwaar - Euro-6	Utiliteitsvoertuig - diesel - zwaar - Euro-6
ZUTDEUR7	Utiliteitsvoertuig - diesel - zwaar - Euro-7	Utiliteitsvoertuig - diesel - zwaar - Euro-7
ZUTEZEEV	Utiliteitsvoertuig - elektrisch - zwaar	Utiliteitsvoertuig - elektrisch - zwaar
ZUTHZEEV	Utiliteitsvoertuig - waterstof - zwaar	Utiliteitsvoertuig - waterstof - zwaar
ZVABEUR0	Vrachtauto - benzine - zwaar - pre Euro wetgeving (1992)	Vrachtauto - benzine - zwaar - pre Euro wetgeving (1992)
ZVACEUR6	Vrachtauto - CNG - zwaar - Euro-6	Vrachtauto - CNG - zwaar - Euro-6
ZVADEDE5ANHKOELCHSCR	Vrachtauto - diesel - zwaar - Euro-5 Step D en E - SCR - met aanhanger - koelmotor - licht - licht	Vrachtauto - diesel - zwaar - Euro-5 Step D en E - SCR - met aanhanger - koelmotor - licht - licht
ZVADEDE5ANHKOESCRZWA	Vrachtauto - diesel - zwaar - Euro-5 Step D en E - SCR - met aanhanger - koelmotor - zwaar - SCR	Vrachtauto - diesel - zwaar - Euro-5 Step D en E - SCR - met aanhanger - koelmotor - zwaar - SCR
ZVADEDE5ANHLCHSCR	Vrachtauto - diesel - zwaar - Euro-5 Step D en E - SCR - met aanhanger - licht	Vrachtauto - diesel - zwaar - Euro-5 Step D en E - SCR - met aanhanger - licht
ZVADEDE5ANHSCRZWA	Vrachtauto - diesel - zwaar - Euro-5 Step D en E - SCR - met aanhanger - zwaar	Vrachtauto - diesel - zwaar - Euro-5 Step D en E - SCR - met aanhanger - zwaar
ZVADEDE5KOESCR	Vrachtauto - diesel - zwaar - Euro-5 Step D en E - koelmotor - SCR	Vrachtauto - diesel - zwaar - Euro-5 Step D en E - koelmotor - SCR
ZVADEDE5SCR	Vrachtauto - diesel - zwaar - Euro-5 Step D en E - SCR	Vrachtauto - diesel - zwaar - Euro-5 Step D en E - SCR
ZVADEUG5ANHEGRKOELCH	Vrachtauto - diesel - zwaar - Euro-5 Step G - koelmotor	Vrachtauto - diesel - zwaar - Euro-5 Step G - koelmotor
ZVADEUG5ANHEGRKOEZWA	Vrachtauto - diesel - zwaar - Euro-5 Step G - EGR - met aanhanger - zwaar - koelmotor	Vrachtauto - diesel - zwaar - Euro-5 Step G - EGR - met aanhanger - zwaar - koelmotor
ZVADEUG5ANHEGRLCH	Vrachtauto - diesel - zwaar - Euro-5 Step G - EGR - met aanhanger - licht	Vrachtauto - diesel - zwaar - Euro-5 Step G - EGR - met aanhanger - licht
ZVADEUG5ANHEGRZWA	Vrachtauto - diesel - zwaar - Euro-5 Step G - EGR - met aanhanger - zwaar	Vrachtauto - diesel - zwaar - Euro-5 Step G - EGR - met aanhanger - zwaar
ZVADEUG5ANHKOELCHSCR	Vrachtauto - diesel - zwaar - Euro-5 Step G - SCR - met aanhanger - koelmotor - licht - licht	Vrachtauto - diesel - zwaar - Euro-5 Step G - SCR - met aanhanger - koelmotor - licht - licht
ZVADEUG5ANHKOESCRZWA	Vrachtauto - diesel - zwaar - Euro-5 Step G - SCR - met aanhanger - koelmotor - zwaar - SCR	Vrachtauto - diesel - zwaar - Euro-5 Step G - SCR - met aanhanger - koelmotor - zwaar - SCR
ZVADEUG5ANHLCHSCR	Vrachtauto - diesel - zwaar - Euro-5 Step G - SCR - met aanhanger - licht	Vrachtauto - diesel - zwaar - Euro-5 Step G - SCR - met aanhanger - licht
ZVADEUG5ANHSCRZWA	Vrachtauto - diesel - zwaar - Euro-5 Step G - SCR - met aanhanger - zwaar	Vrachtauto - diesel - zwaar - Euro-5 Step G - SCR - met aanhanger - zwaar
ZVADEUG5EGR	Vrachtauto - diesel - zwaar - Euro-5 Step G - EGR	Vrachtauto - diesel - zwaar - Euro-5 Step G - EGR
ZVADEUG5EGRKOE	Vrachtauto - diesel - zwaar - Euro-5 Step G - EGR - koelmotor	Vrachtauto - diesel - zwaar - Euro-5 Step G - EGR - koelmotor
ZVADEUG5KOESCR	Vrachtauto - diesel - zwaar - Euro-5 Step G - koelmotor - SCR	Vrachtauto - diesel - zwaar - Euro-5 Step G - koelmotor - SCR
ZVADEUG5SCR	Vrachtauto - diesel - zwaar - Euro-5 Step G - SCR	Vrachtauto - diesel - zwaar - Euro-5 Step G - SCR
ZVADEUR0	Vrachtauto - diesel - zwaar - pre Euro wetgeving (1992)	Vrachtauto - diesel - zwaar - pre Euro wetgeving (1992)
ZVADEUR0ANHKOELCH	Vrachtauto - diesel - zwaar - pre Euro wetgeving (1992) - met aanhanger - koelmotor - licht - licht	Vrachtauto - diesel - zwaar - pre Euro wetgeving (1992) - met aanhanger - koelmotor - licht - licht
ZVADEUR0ANHKOEZWA	Vrachtauto - diesel - zwaar - pre Euro wetgeving (1992) - met aanhanger - koelmotor - zwaar - zwaar	Vrachtauto - diesel - zwaar - pre Euro wetgeving (1992) - met aanhanger - koelmotor - zwaar - zwaar
ZVADEUR0ANHLCH	Vrachtauto - diesel - zwaar - pre Euro wetgeving (1992) - met aanhanger - licht	Vrachtauto - diesel - zwaar - pre Euro wetgeving (1992) - met aanhanger - licht
ZVADEUR0ANHZWA	Vrachtauto - diesel - zwaar - pre Euro wetgeving (1992) - met aanhanger - zwaar	Vrachtauto - diesel - zwaar - pre Euro wetgeving (1992) - met aanhanger - zwaar
ZVADEUR0KOE	Vrachtauto - diesel - zwaar - pre Euro wetgeving (1992) - koelmotor - koelmotor	Vrachtauto - diesel - zwaar - pre Euro wetgeving (1992) - koelmotor - koelmotor
ZVADEUR1	Vrachtauto - diesel - zwaar - Euro-1	Vrachtauto - diesel - zwaar - Euro-1
ZVADEUR1ANHKOELCH	Vrachtauto - diesel - zwaar - Euro-1 - met aanhanger - koelmotor - licht - licht	Vrachtauto - diesel - zwaar - Euro-1 - met aanhanger - koelmotor - licht - licht
ZVADEUR1ANHKOEZWA	Vrachtauto - diesel - zwaar - Euro-1 - met aanhanger - koelmotor - zwaar - zwaar	Vrachtauto - diesel - zwaar - Euro-1 - met aanhanger - koelmotor - zwaar - zwaar
ZVADEUR1ANHLCH	Vrachtauto - diesel - zwaar - Euro-1 - met aanhanger - licht	Vrachtauto - diesel - zwaar - Euro-1 - met aanhanger - licht
ZVADEUR1ANHZWA	Vrachtauto - diesel - zwaar - Euro-1 - met aanhanger - zwaar	Vrachtauto - diesel - zwaar - Euro-1 - met aanhanger - zwaar
ZVADEUR1KOE	Vrachtauto - diesel - zwaar - Euro-1 - koelmotor - koelmotor	Vrachtauto - diesel - zwaar - Euro-1 - koelmotor - koelmotor
ZVADEUR2	Vrachtauto - diesel - zwaar - Euro-2	Vrachtauto - diesel - zwaar - Euro-2
ZVADEUR2ANHKOELCH	Vrachtauto - diesel - zwaar - Euro-2 - met aanhanger - koelmotor - licht - licht	Vrachtauto - diesel - zwaar - Euro-2 - met aanhanger - koelmotor - licht - licht
ZVADEUR2ANHKOEZWA	Vrachtauto - diesel - zwaar - Euro-2 - met aanhanger - koelmotor - zwaar - zwaar	Vrachtauto - diesel - zwaar - Euro-2 - met aanhanger - koelmotor - zwaar - zwaar
ZVADEUR2ANHLCH	Vrachtauto - diesel - zwaar - Euro-2 - met aanhanger - licht	Vrachtauto - diesel - zwaar - Euro-2 - met aanhanger - licht
ZVADEUR2ANHZWA	Vrachtauto - diesel - zwaar - Euro-2 - met aanhanger - zwaar	Vrachtauto - diesel - zwaar - Euro-2 - met aanhanger - zwaar
ZVADEUR2KOE	Vrachtauto - diesel - zwaar - Euro-2 - koelmotor - koelmotor	Vrachtauto - diesel - zwaar - Euro-2 - koelmotor - koelmotor
ZVADEUR3	Vrachtauto - diesel - zwaar - Euro-3	Vrachtauto - diesel - zwaar - Euro-3
ZVADEUR3ANHKOELCH	Vrachtauto - diesel - zwaar - Euro-3 - met aanhanger - koelmotor - licht - licht	Vrachtauto - diesel - zwaar - Euro-3 - met aanhanger - koelmotor - licht - licht
ZVADEUR3ANHKOEZWA	Vrachtauto - diesel - zwaar - Euro-3 - met aanhanger - koelmotor - zwaar - zwaar	Vrachtauto - diesel - zwaar - Euro-3 - met aanhanger - koelmotor - zwaar - zwaar
ZVADEUR3ANHLCH	Vrachtauto - diesel - zwaar - Euro-3 - met aanhanger - licht	Vrachtauto - diesel - zwaar - Euro-3 - met aanhanger - licht
ZVADEUR3ANHZWA	Vrachtauto - diesel - zwaar - Euro-3 - met aanhanger - zwaar	Vrachtauto - diesel - zwaar - Euro-3 - met aanhanger - zwaar
ZVADEUR3KOE	Vrachtauto - diesel - zwaar - Euro-3 - koelmotor - koelmotor	Vrachtauto - diesel - zwaar - Euro-3 - koelmotor - koelmotor
ZVADEUR4	Vrachtauto - diesel - zwaar - Euro-4	Vrachtauto - diesel - zwaar - Euro-4
ZVADEUR4ANHKOELCH	Vrachtauto - diesel - zwaar - Euro-4 - met aanhanger - koelmotor - licht - licht	Vrachtauto - diesel - zwaar - Euro-4 - met aanhanger - koelmotor - licht - licht
ZVADEUR4ANHKOEZWA	Vrachtauto - diesel - zwaar - Euro-4 - met aanhanger - koelmotor - zwaar - zwaar	Vrachtauto - diesel - zwaar - Euro-4 - met aanhanger - koelmotor - zwaar - zwaar
ZVADEUR4ANHLCH	Vrachtauto - diesel - zwaar - Euro-4 - met aanhanger - licht	Vrachtauto - diesel - zwaar - Euro-4 - met aanhanger - licht
ZVADEUR4ANHZWA	Vrachtauto - diesel - zwaar - Euro-4 - met aanhanger - zwaar	Vrachtauto - diesel - zwaar - Euro-4 - met aanhanger - zwaar
ZVADEUR4KOE	Vrachtauto - diesel - zwaar - Euro-4 - koelmotor - koelmotor	Vrachtauto - diesel - zwaar - Euro-4 - koelmotor - koelmotor
ZVADEUR6	Vrachtauto - diesel - zwaar - Euro-6	Vrachtauto - diesel - zwaar - Euro-6
ZVADEUR6ANHKOELCH	Vrachtauto - diesel - zwaar - Euro-6 - met aanhanger - koelmotor - licht - licht	Vrachtauto - diesel - zwaar - Euro-6 - met aanhanger - koelmotor - licht - licht
ZVADEUR6ANHKOEZWA	Vrachtauto - diesel - zwaar - Euro-6 - met aanhanger - koelmotor - zwaar - zwaar	Vrachtauto - diesel - zwaar - Euro-6 - met aanhanger - koelmotor - zwaar - zwaar
ZVADEUR6ANHLCH	Vrachtauto - diesel - zwaar - Euro-6 - met aanhanger - licht	Vrachtauto - diesel - zwaar - Euro-6 - met aanhanger - licht
ZVADEUR6ANHZWA	Vrachtauto - diesel - zwaar - Euro-6 - met aanhanger - zwaar	Vrachtauto - diesel - zwaar - Euro-6 - met aanhanger - zwaar
ZVADEUR6KOE	Vrachtauto - diesel - zwaar - Euro-6 - koelmotor - koelmotor	Vrachtauto - diesel - zwaar - Euro-6 - koelmotor - koelmotor
ZVADEUR7	Vrachtauto - diesel - zwaar - Euro-7	Vrachtauto - diesel - zwaar - Euro-7
ZVADEUR7ANHKOELCH	Vrachtauto - diesel - zwaar - Euro-7 - met aanhanger - koelmotor - licht - licht	Vrachtauto - diesel - zwaar - Euro-7 - met aanhanger - koelmotor - licht - licht
ZVADEUR7ANHKOEZWA	Vrachtauto - diesel - zwaar - Euro-7 - met aanhanger - koelmotor - zwaar - zwaar	Vrachtauto - diesel - zwaar - Euro-7 - met aanhanger - koelmotor - zwaar - zwaar
ZVADEUR7ANHLCH	Vrachtauto - diesel - zwaar - Euro-7 - met aanhanger - licht - met aanhanger - licht	Vrachtauto - diesel - zwaar - Euro-7 - met aanhanger - licht - met aanhanger - licht
ZVADEUR7ANHZWA	Vrachtauto - diesel - zwaar - Euro-7 - met aanhanger - zwaar - met aanhanger - zwaar	Vrachtauto - diesel - zwaar - Euro-7 - met aanhanger - zwaar - met aanhanger - zwaar
ZVADEUR7KOE	Vrachtauto - diesel - zwaar - Euro-7 - koelmotor - koelmotor	Vrachtauto - diesel - zwaar - Euro-7 - koelmotor - koelmotor
ZVAEZEEV	Vrachtauto - elektrisch - zwaar	Vrachtauto - elektrisch - zwaar
ZVAHZEEV	Vrachtauto - waterstof - zwaar	Vrachtauto - waterstof - zwaar
